-- --------------------------------------------------------
-- Hostitel:                     127.0.0.1
-- Verze serveru:                5.6.15-log - MySQL Community Server (GPL)
-- OS serveru:                   Win64
-- HeidiSQL Verze:               8.3.0.4694
-- --------------------------------------------------------

/*!40101 SET @OLD_CHARACTER_SET_CLIENT=@@CHARACTER_SET_CLIENT */;
/*!40101 SET NAMES utf8 */;
/*!40014 SET @OLD_FOREIGN_KEY_CHECKS=@@FOREIGN_KEY_CHECKS, FOREIGN_KEY_CHECKS=0 */;
/*!40101 SET @OLD_SQL_MODE=@@SQL_MODE, SQL_MODE='NO_AUTO_VALUE_ON_ZERO' */;
-- Exportování dat pro tabulku pos.activities: ~0 rows (přibližně)
/*!40000 ALTER TABLE `activities` DISABLE KEYS */;
/*!40000 ALTER TABLE `activities` ENABLE KEYS */;

-- Exportování dat pro tabulku pos.advices: ~0 rows (přibližně)
/*!40000 ALTER TABLE `advices` DISABLE KEYS */;
INSERT INTO `advices` (`id`, `note`, `mark`, `was_on_fb`, `create`, `release_date`, `sort_date`, `real`, `fake`, `fblike`, `comment`, `add_to_fb_page`, `adminID`) VALUES
	(1681, 'Hrozně bych chtěl zkusit sex s černoškou.Strašně mě přitahují a bohužel jich je tady v ČR málo. Má někdo zkušenosti? Stojí to za to? ', 1, 0, '2014-01-30 16:34:39', '2014-03-13 07:00:00', '2014-03-13 07:00:00', 8, 8, 0, 0, 0, NULL),
	(1682, 'Hele, mám problém,při masturbaci vydržím sotva pár minut a s holkou se mi to stalo taky už párkrát. Ale zase o to je to lepší v tom že můžu klidně 18 krát za noc ;). Chtěl bych nebo bych spíš potřeboval nějaký nápad, fígl neb cokoliv co by prodloužilo mojí výdrž aspoň na hodinu a půl, vždyť sex je tak krásnej a ženy taky nechci si to mrvit mojí zasranou nevýdrží.', 1, 0, '2014-01-30 19:28:27', '2014-03-13 07:30:00', '2014-03-13 07:30:00', 15, 12, 0, 0, 0, NULL),
	(1683, 'Nevím co mám dělat , je mi 22 a přítelkyni 20 , chodíme spolu už rok a ona pořád prodlužuje to že si koupí antikoncepci , holky jaký máte s tím problém, to vůbec nechápu . Tak my musíme používat kondom a vy si nemužete koupit antik.? Říkal jsem ji že ji zaplatim pulku a ona že zachvíli už tak půlroku . Tak mi aspoň řekněte jaky je v tom problem ...', 1, 0, '2014-01-30 22:54:23', '2014-03-13 08:00:00', '2014-03-23 20:03:59', 13, 11, 0, 2, 0, NULL),
	(1684, '\r\n\r\nZe své rodiny znám pouze otce a ten mne od malička učil že ženy jsou to nejdůležitější a muž by se podle toho měl chovat. Nevím co je na tom pravdy a co není.Jak ubíhali roky tak jsem zjišťoval že mne přitahují dominantní ženy a i můj otec má dominantní přítelkyni.Problém je v tom že nemohu žádnou potkat a poznat a nevím jestli se podle něčeho dá poznat že je dominantní.Máte s tím někdo nějakou zkušenost?Nebo mohl by jste mi někdo poradit jak na takovou ženu přijít?Předem kdyžtak děkuji za pomoc', 1, 0, '2014-01-31 07:13:49', '2014-03-13 08:30:00', '2014-03-13 08:30:00', 10, 10, 0, 0, 0, NULL),
	(1685, 'Mám kamaráda, je ke mě milý pozorný hodný laskavý a asi ho beru jako víc než kamaráda. Problém je v tom že mám přítele už asi 2 roky. Ten na mě popravdě dost kašle a nevěnuje mi tolik pozornosti co třeba ten kamarád. Nechci zahodit 2 roky ale mám pocit že mě to víc táhne k tomu kamarádovi. Poradí mi někdo co dělat? Je to těžké dilema.', 1, 0, '2014-01-29 12:15:55', '2014-03-13 09:00:00', '2014-03-13 09:00:00', 14, 9, 0, 0, 0, NULL),
	(1686, 'takže ahoj lidi.... vím ,že si tu o mě ted budete říkat jaká jsem děvka ale s tím asi nic neudélám ... takže k věci .. je mi 14 let sexualním životam žiju cca už tak dva roky za ty dva roky jsem měla už 10 sexuálních partnerů ... prosím nepište sem že ti co se mnou se mnou spali byli nenormální a perverzní uchylove .. ne nebyli většinou jim bylo tak do 18 let a nevěděli kolik mi je ... jelikož jsem už ve dvanácti vypadala na 16 , protože ve 12 jsem měla prsa c a zadek jsem take měla  byla jsem i dost vysoká tak se se mnou nikdo o mém věku nehádal .... většinou jsem se vždy seznamila přes něakou kamaradku a pak jsme se s tim klukem dohodli na dalším setkání .... muj problém je prostě v tom že bez sexu nedokážu bejt .... jsem nymfomanka a pokud zrovna nemám někoho po ruce musim si vystačit sama ale to mě moc nebaví ..... opravdu vás žádám nemějte kecy typu .. jo to je dobrá děvka , a teď o karkulce ... ne není to vymyšlené , za to co dělam se stydím ale ta touha je tak hrozná , že se nedokážu ovládat pokud máte nějakou radu jak to vyřešit tak napište do komentářu ... nechci takhle žít ale nevím co delat :(', 1, 0, '2014-01-31 10:38:23', '2014-03-13 09:30:00', '2014-03-15 13:31:51', 11, 14, 0, 1, 0, NULL),
	(1687, 'líbí se mi moje sestra a chtěl bych ji vojed a je pana co myslíte mám to skusit ?? jestly jo tak jak ?', 1, 0, '2014-01-31 08:55:06', '2014-03-13 20:30:00', '2014-03-13 20:30:00', 13, 9, 0, 0, 0, NULL),
	(1688, 'Měla jsem přítele přes 5 let, pak se ale se mnou rozešel, protože ho to přestalo bavit. Rok jsme se spolu nebavili a ani se nevídali. On si našel přítelkyni a já pořád nemohla zapomenout. Po roce a půl se mi ozval a začali jsme si spolu psát. Jednou mi napsal, jestli nechci přijít k němu, že pokecáme. Šla jsem a vyspali jsme se spolu. Takhle už se scházíme asi 3 měsíce a jenom spolu spíme. Já ho miluji, ale nevím, zda mu to mám říct. Na něm jde očividně vidět, že chce jenom sex. Už s ním dál nedokážu spát, pokaždý mi z toho je příšerně a nejraději bych mu řekla, že ho miluji a abychom spolu zase chodili, ale mám strach, že kdybych mu to řekla, tak ho ztratím uplně a nebude už mě chtít nikdy vidět. Sex s ním mám velice ráda a je dobrý, ale přála bych si, aby to bylo jako dříve. Poraďte mi, co mám dělat? ', 1, 0, '2014-02-01 02:29:00', '2014-03-13 21:00:00', '2014-03-13 21:00:00', 12, 14, 0, 0, 0, NULL),
	(1689, 'Co by ste delali,kdyby na vás hodne dlouhou dobu,tlačil bejvalý,že chce mít s váma sex,a když by vás na to konečne slomil,tak by vám  pak rekl,že vlastne on nemuže,protože ho jedna z jeho rajd ukousla do penisu... /sorry za pravopis,nejsem z cech /', 1, 0, '2014-02-01 14:16:24', '2014-03-13 21:30:00', '2014-03-13 21:30:00', 12, 11, 0, 0, 0, NULL),
	(1690, 'Zdravím, nechci se zde přiznat ale potřebuji radu. Chceme s přítelem zkusit anální sex. Nejen, že se bojím toho,že to bude bolet ale hlavně bych chtěla předtím provést řádnou hygienu, jako řešení mě napadl klystýr. Pomůcka (irigátor) jsem zjistila, že se dá v lékárnách koupit ale před použitím se má konzultovat s lékařem, do toho se mi přiznám se moc nechce. Proto se ptám Vás, máte s tím nějaké zkušenosti?? Co byste mi poradili. Děkuji', 1, 0, '2014-02-01 15:06:12', '2014-03-13 22:00:00', '2014-03-13 22:00:00', 12, 8, 0, 0, 0, NULL),
	(1691, 'Podvedla sem svýho přítele se svým nej kámošem a teď nevím koho chci! poraďte mi :-)', 1, 0, '2014-02-01 23:23:48', '2014-03-13 22:30:00', '2014-03-23 19:38:32', 15, 16, 0, 1, 0, NULL),
	(1692, 'Miluji sex! Když jsem spala s klukama a šlo vždy jen o ten sex, narazila jsem vždy na ty lépe vybavené. ;) Teď mám přítele a ten mě velikostí vážně neuspokojí (s malým kašpárkem opravdu není velké divadlo). Sex je ve vztahu celkem důležitý, ale nevím, jak to přítelovi říct..poradíte? ', 1, 0, '2014-02-02 00:47:37', '2014-03-13 23:00:00', '2014-03-23 19:38:09', 22, 16, 0, 1, 0, NULL),
	(1693, 'Měla jsem 2 sexuální partnery a vždycky jsem byla dračice. Experimentovala jsem a ničeho jsem se nebála ale teď jsem si znovu našla přítele a s ním je to úplně jiné. Stydím se před ním a bojím se že to na co jsem byla zvyklá do teď se mu nebude líbit a tak jen ležím jak prkno a nevím jak se toho strachu zbavit. ', 3, 0, '2014-03-14 08:26:56', '2014-03-19 16:00:00', '2014-03-19 16:00:00', 12, 11, 0, 0, 0, 89),
	(1694, 'přijde vám 16,5 cm dlouhý penis málo ? (když stojí)', 1, 0, '2014-02-03 20:21:22', '2014-03-14 10:30:00', '2014-03-14 10:30:00', 10, 10, 0, 0, 0, NULL),
	(1696, 'Poslední dobou se přítel udělá strašně rychle a já z toho nic nemám :( poraď te prosím co by měl přítel proto dělat,aby se neudělal hned do 10 minut,ale aby to mělo grády??', 3, 0, '2014-03-15 19:11:37', '2014-03-19 16:30:00', '2014-03-23 19:26:11', 25, 15, 0, 1, 0, 89),
	(1697, ' Před měsícem jsem poprvé spala se svou přítelkyní(jsem lesbička) , minulý týden jsem nedostala měsíčky . Koupila jsem si těhotenský test a vyšlo mi že jsem těhotná , je to možné? S žádným klukem jsem nikdy nic neměla . Mámto říct rodičům že jsem lesba a že jsem těhotná se svou o 10 let starší přítelkyní? \r\n', 1, 0, '2014-02-04 20:04:55', '2014-03-17 00:30:00', '2014-03-17 00:30:00', 11, 9, 0, 0, 0, NULL),
	(1698, 'Kdo měl někdy sex s Vietnamkou?? Jaký to je?? :P', 1, 0, '2014-02-05 00:05:33', '2014-03-17 21:30:00', '2014-03-23 19:35:00', 14, 14, 0, 1, 0, NULL),
	(1699, 'Bolí to poprvé ? Je mi 18 a ještě jsem neměla sex, měla jsem už hodně kluků a pokaždé jsem se  s nimi rozešla protože chtěli sex.', 1, 0, '2014-02-05 14:06:24', '2014-03-17 22:00:00', '2014-03-17 22:00:00', 3, 5, 0, 0, 0, NULL),
	(1700, 'Ahoj je mi 27 let a miluji vůni nošených kalhotek. Beru je kde se dá. Třeba od přitelkyně nebo od jeji sestry a matky, a taky od kamarádek. Moc mě bere ta vůně kalhotek.Vždy se nad kalhotkama a tangama udělám, někdy je i pořádně pocákám. Má někdo taky takovou uchylku??', 1, 0, '2014-02-05 14:07:49', '2014-03-17 22:30:00', '2014-03-17 22:30:00', 10, 12, 0, 0, 0, NULL),
	(1701, 'Zdravím, s přítelem bychom chtěli zkusit anální sex, máme o tom něco načteno, ale přeci jen nějaká ta rada pro začátek od někoho kdo má tuto zkušenost za sebou by se hodila, díky :)', 1, 0, '2014-02-06 21:16:38', '2014-03-17 23:00:00', '2014-03-23 19:34:24', 16, 23, 0, 1, 0, NULL),
	(1702, 'Kluci? Máte rádi když má holka větší pysky? Vadí vám to některým? ', 1, 0, '2014-02-07 19:58:43', '2014-03-17 23:30:00', '2014-03-17 23:30:00', 9, 13, 0, 0, 0, NULL),
	(1703, 'Otázka: Dělám bojové sporty, denně cvičím a jsem troufám si říct slušný, milý kluk...ale čím to je, že jsem nezadaný????', 1, 0, '2014-02-08 08:42:14', '2014-03-18 00:00:00', '2014-03-18 00:00:00', 10, 12, 0, 0, 0, NULL),
	(1704, 'prosím vás poradte mi jak mám holku udělat aby měla mokrý orgasmus :)', 1, 0, '2014-02-08 21:36:44', '2014-03-18 00:30:00', '2014-03-18 00:30:00', 14, 13, 0, 0, 0, NULL),
	(1705, 'Mam takovy problem. Jsem dole moc úzká a trapi me to. Sex je pro me potom problem. Kluk se do me tezko dostava. Prosim o radu. Nevim co delat :(', 1, 0, '2014-02-08 22:46:00', '2014-03-18 01:00:00', '2014-03-18 01:00:00', 13, 13, 0, 0, 0, NULL),
	(1706, 'Holky, bolí první sex? (Jsem kluk a čistě teoreticky se ptám, kvůli své holce, která je o 2 roky mladší a ještě panna.) ', 1, 0, '2014-02-08 22:53:14', '2014-03-18 02:00:00', '2014-03-23 19:33:02', 14, 15, 0, 1, 0, NULL),
	(1707, 'Co si myslíte o sexu panny a panice????', 1, 0, '2014-02-09 13:23:49', '2014-03-18 03:00:00', '2014-03-18 03:00:00', 13, 13, 0, 0, 0, NULL),
	(1708, 'holky čemu dáváte přednost tanga nebo obyčejné kalhotky ?? O.o', 1, 0, '2014-02-09 14:43:42', '2014-03-18 05:00:00', '2014-03-18 05:00:00', 10, 8, 0, 0, 0, NULL),
	(1709, 'Ahojte..jsem zadaná..ae poslední dobou se mi zdají sny o jiném klukovi..i treba jak se spolu libame..v cem to je? Proc se mi to zda? O.o :)', 1, 0, '2014-02-09 18:34:35', '2014-03-18 07:00:00', '2014-03-18 07:00:00', 10, 11, 0, 0, 0, NULL),
	(1710, 'Je na 13 let 16cm dost?Diky za odpovedi.', 1, 0, '2014-02-10 19:00:36', '2014-03-18 07:30:00', '2014-03-18 07:30:00', 11, 8, 0, 0, 0, NULL),
	(1711, 'Docela trapnejsi priznani :) ...jsem frustrovan sexem, protoze se udelam hned...a ten pocit neuspokojeni te slecny me dusevne nici...nejake rady :)', 1, 0, '2014-02-11 11:19:10', '2014-03-18 08:00:00', '2014-03-18 08:00:00', 11, 13, 0, 0, 0, NULL),
	(1712, 'Taky potom co se do vás kluk udělá se necháte vytřít kapesníčkem abx to nebylo na madračce?', 1, 0, '2014-02-11 16:29:32', '2014-03-18 08:30:00', '2014-03-18 08:30:00', 12, 12, 0, 0, 0, NULL),
	(1713, 'Ahoj je mi 19 a provozuju styk cca 3 roky a za tu dobu jsem z žádným partnerem neměla orgasmus...je to normální??', 1, 0, '2014-02-11 16:46:37', '2014-03-18 09:00:00', '2014-03-18 09:00:00', 11, 10, 0, 0, 0, NULL),
	(1714, 'Prosím vás mal by som jednu otázku: Kolko trvá prvý sex chlapovi ? :)', 1, 0, '2014-02-11 21:02:54', '2014-03-18 09:30:00', '2014-03-18 09:30:00', 10, 11, 0, 0, 0, NULL),
	(1715, 'nikdy jsem neměl holku na sex ani na vztah. Bojím se toho. Jsem vadnej? Je mi 20 a nemohu zavadit o holku pro sebe. Mohli to dělat ty dříve nabraný kila nahoře?', 1, 0, '2014-02-12 23:01:17', '2014-03-18 10:00:00', '2014-03-18 10:00:00', 10, 11, 0, 0, 0, NULL),
	(1716, 'Zdravim, je to spíš dotaz než přiznání, ale budiš. Občas když se s přítelkyní mazlíme, například u televize atd a zrovna neš***me, tak mne občas po tom nehorázně bolej koule, jako kdyby mne do nich nekdo kopnul a trvá to pak i několik desítek minut či par hodin než to přestane. Přitom jsem si jistý že jsem se tam behem toho nepraštil :D a ptáček zustal v kalhotách. Tak co to muže být? Má to nekdo podobně?', 1, 0, '2014-02-13 21:08:44', '2014-03-18 10:30:00', '2014-03-18 10:30:00', 11, 14, 0, 0, 0, NULL),
	(1717, 'mám takový problém..když se přítel snaží mě udělat (rukou), tak mně nejde se dostatečně uvolnit, tak abych se udělala. Co mám dělat? ', 1, 0, '2014-02-15 21:43:22', '2014-03-18 11:00:00', '2014-03-18 11:00:00', 12, 8, 0, 0, 0, NULL),
	(1718, 'když holka nosí antikoncepci a má sex se svym klukem.. může dostat žloutenku když ten kluk nebude osprchovanej a chvíli předtim močil? ', 1, 0, '2014-02-17 17:27:33', '2014-03-18 11:30:00', '2014-03-18 11:30:00', 10, 10, 0, 0, 0, NULL),
	(1719, 'Kdo z vás holek by souhlasila se sexem při oslovení na ulici?', 3, 0, '2014-03-18 11:50:46', '2014-03-19 17:00:00', '2014-03-19 17:00:00', 16, 14, 0, 0, 0, 89),
	(1720, 'V mládí (cca 14 let) jsem byl hrozně zvědavý jaké to je v sobě něco cítit. Byla krásná mrazivá zima a já jsem se to vydal zkusit, tenkrát ještě mládež neseděla celé dny u pc a měly jsme s klukama bunkr. Tak jsem se ta zašil ale nebylo po ruce nic jiného než zmrzlé rampouchy, tak jsem ulomil špičku, stáhl si gatě a pustil se do toho. Krom příjemného chladu jsme si z toho žádnou jinou zkušenost neodnesl. A tak mi stále vrtá v hlavě otázka na kterou doufám že mi holky odpoví: Jaké to je v sobě něco cítit? Zatím mi to žádná pořádně nepopsala tak doufám že uspěji zde :) ', 1, 0, '2014-02-18 16:51:06', '2014-03-21 22:30:00', '2014-03-21 22:30:00', 8, 13, 0, 0, 0, NULL),
	(1721, 'mam za sebou 3 sexualni partnery a ani jeden me ani jednou neudelal. S tim tretim,jsem uz 8 mesicu a docela na7 to trapi. Nejake rady, jak dosahnout orgasmu?', 1, 0, '2014-02-19 10:24:10', '2014-03-21 23:00:00', '2014-03-26 23:30:49', 15, 18, 0, 2, 0, NULL),
	(1722, 'Cau chci se zeptat, jeste jsem nemel sex a nevím poradně co dělat, při uděláni.. Mužu se udělat do holky, co bere antikoncepci ? Mužu se udělat do kondomu v holce, dyž nebere antikoncepci ? A jak to děláte když prostě už budete, co říkate holce ?? Asi si myslite že jsem kreten, ale poradte mi díky :)', 1, 0, '2014-02-19 12:25:28', '2014-03-21 23:30:00', '2014-03-21 23:30:00', 12, 12, 0, 0, 0, NULL),
	(1724, 'Sem heterosexuální ale hrozně rád stříkam do psu a kocek', 2, 0, '2014-03-22 20:58:48', NULL, NULL, 6, 2, 0, 0, 0, NULL),
	(1726, 'vzrušuju je mě neskutečně představa jistýho násilí a znásilnění,jsem divná? je mi 21', 1, 0, '2014-01-20 05:12:25', '2014-03-23 16:30:00', '2014-03-23 16:30:00', 15, 11, 0, 0, 0, NULL),
	(1727, 'je v pohode ze mi je sestnact a ani jednou jsem se nelibala?', 1, 0, '2014-01-24 17:45:10', '2014-03-23 17:00:00', '2014-03-23 19:23:57', 13, 18, 0, 1, 0, NULL),
	(1728, 'Mám ráda tvrdý sex.Romantika mě nějak nezaujala.Plácání po zadečku,tahání za vlásky a kousání.Myslíte si že jsem divná?Co máte rádi vy?', 1, 0, '2014-01-29 18:18:30', '2014-03-23 17:30:00', '2014-03-23 19:23:18', 14, 15, 0, 1, 0, NULL),
	(1730, 'když si holím rozkrok žiletkou mám tam potom pupínky co dělám blbě (jsem kluk)prosím pomoc ', 1, 0, '2014-02-24 11:30:28', '2014-03-25 00:30:00', '2014-03-25 00:30:00', 18, 13, 0, 0, 0, NULL),
	(1733, 'Má první přítelkyně,kterou sem si našel bylo v 16. Je krásné když máte osobu o,které víte, že ji nejste ukradený,že na vás myslí každou chvíli, bez ní bys Te si nedovedli představit ani pár dnů, a jen čekáte na to až ji/ho uvidíte a budeme moct udělat to na co jste se těšili. Ano,takový vztah sem měl. Krásná "mladá láska." Ale holka zradí kluka a důvěra je v pi*i. Problém je že od té doby si nedokážu věřit,nevěřím žádné holce, a bojím se jít do vztahu protože pro mě znamená dost,né jen to, že to s někým zkusím a pak nejde,neklapalo by to atd.. Měl sem hodně možností být s několika holkami, ale nešlo to. Dost mě to mrzí,ale nemůžu se s toho dostat. Ve vztahu chci abych s holkou měl dobrý vztah, nejdřív se poznával, častěji se vídával, víc si psali, mít nějaké zážitky a postupovat dál a dál,až bude člověk vědět,že ta osoba pro něj znamená dost..klidně by mě nevadil vztah i z několika ti ročního kamarádství, nebo i přátelství po delší době. Nejsem ten co by nečekal na vztah. Jenom,že holky to chtěj uspěchat,tlačí na pilu, a pak to jde do háje,protože to nepokazím já, ale většinou ta druhá strana. Nevybírám si mladé kačenky..přítelkyni bych bral i o rok starší nebo stejně. Teď mi bude 19..a vyspal sem se jen s jednou holkou(do teď mě to mrzí) Někdy na to nemam nervy...chci toho snad moc.. ?', 0, 0, '2014-03-27 20:19:07', NULL, NULL, 1, 1, 0, 0, 0, NULL),
	(1734, 'Ahoj, jsem holka a je mi 18 let . Skoro po každém sexu mám potom 1-3 dny problémy s bolestí v břichu a s čůráním -_- Něco na způsob zánětu močáku, ale to to není.. Byla jsme s tím i u doktora, ale nic mi k tomu neřekl .. Máte někdo podobné zkušenosti prosím?', 0, 0, '2014-03-29 17:56:21', NULL, NULL, 1, 1, 0, 0, 0, NULL),
	(1735, 'Měla jsem 3 sexuální partnery. Abych pravdu řekla, tak pokaždé musím předstírat orgasmus, protože ani jeden mě nedokázal udělat. Je mi 17 let. A docela se bojím, že mě žádný kluk či chlap nedokáže uspokojit. Vaše názory? \r\nProsím vás, blbé kecy si nechejte. Stát se to může každému.', 1, 0, '2014-02-25 12:42:18', '2014-04-08 22:30:00', '2014-04-08 22:30:00', 4, 4, 0, 0, 0, NULL),
	(1736, 'ahoj hrozně se směju s přítelem při sexu když mě dělá rukou a mě pak prdí pička taky se vám to už holky někdy stalo :)', 1, 0, '2014-02-25 22:46:08', '2014-04-08 23:00:00', '2014-04-08 23:00:00', 3, 2, 0, 0, 0, NULL),
	(1737, 'občas mi ze zadku teče cosi jako poševní hlen..sperma to není protože po análu je to jiný..je to spíš jako bych měla ve střevech nějaký sliz, docela mě to překvapuje, děje se to taky někomu? Nevymýšlím si a je mi 19', 1, 0, '2014-02-26 06:43:25', '2014-04-08 23:30:00', '2014-04-08 23:30:00', 3, 5, 0, 0, 0, NULL),
	(1738, 'Mám takovej problém... Mám přítelkyni už skoto rok a půl. Strašně jí miluju. Je moje první i já její. Stále tvrdí že miluje sex, když sme spolu tak mě zlobí...osahává a tak. Ale když máme čas u mě tak se tomu snaží vyhnou! Nestačí mi to jednou tejdně. Nevím co stím...', 1, 0, '2014-02-26 11:19:58', '2014-04-09 00:00:00', '2014-04-09 00:00:00', 5, 4, 0, 0, 0, NULL),
	(1739, 'Je mi 17. Už od 15 mam sexualni styk . Vždycky po sexu jdu na záchod a dneska mi zničeho nic začla téct krev . Menstruace to není skončila mi minuly týden. Nevíte co to může být?', 1, 0, '2014-02-27 02:49:30', '2014-04-09 00:30:00', '2014-04-09 00:30:00', 5, 3, 0, 0, 0, NULL),
	(1740, 'Ahoj mám menší problém a nevím jestli je ve mě nebo v přítelkyni. Když to děláme tak křičí na celý byt ale nikdy jí nedovedu k orgasmu jenom pérem. S bývalou sem žádný problém neměl tu sem udělal i vícekrát zasebou. Co mám dělat?', 1, 0, '2014-02-27 06:25:03', '2014-04-09 01:00:00', '2014-04-09 01:00:00', 1, 4, 0, 0, 0, NULL),
	(1741, 'Je normální křičet u sexu? To už totiž vzdychání není :D', 1, 0, '2014-02-27 16:41:38', '2014-04-09 02:00:00', '2014-04-09 02:00:00', 8, 4, 0, 0, 0, NULL),
	(1742, 'Onanuji už od 10 let, bude ´16 let a ještě jsem si vrzl kromě Anči Dlanči :D no prosím o radu jak na holky? :O ', 1, 0, '2014-02-27 16:53:34', '2014-04-09 03:00:00', '2014-04-09 03:00:00', 6, 4, 0, 0, 0, NULL),
	(1743, 'Není to ani tak přiznání. S přítelkyní jsme spolu už 4 roky a domluvili jsme se ,že půjdeme do trojky. Už jsme ji jednou měli a mě to přišlo super ,ale moje přítelkyně z toho nebyla úplně nadšená, protože se jí ona dívčina nevěnovala jak by si představovala. Myslím tím ,že by ráda aby si ta holka nehrála jen se mnou ,ale i s ní. Proto k tomu měla odstup. Ale teď jsme se domluvili ,že to zopakujem pod podmínkou, že najdu stejně odvážnou slečnu jako je ona . Ale nedaří se mi to a tak bych rád věděl jestli mám šanci někde takovou najít?!', 1, 0, '2014-02-27 17:18:51', '2014-04-09 05:00:00', '2014-04-09 05:00:00', 2, 6, 0, 0, 0, NULL),
	(1744, 'Mám přítelkyni, kterou miluju. Jenže když dojde na sex tak je to uplná nuda. Nechce mi ho vykouřit a když jo tak jen chvilku. Nechce zkoušet nové polohy, ale jen jednu a tu samou, nechce abych jí to dělal pusou a přitom to dělám moc rád pusou a většinou ji i udělám když už ji k tomu přemluvím. Ani předehra nebývá dlouhá. Chce jen čistý sex. I když by to možná hodně chlapů ocenilo já takový nejsem. Mám rád dlouhé předehry a všechno kolem. Někdy přemýšlím jestli si nemám najít jinou, protože tohle mě fakt štve, ale zase ji moc miluju a pořád doufám že by se to mohlo změnit. Co mám udělat?', 1, 0, '2014-02-28 06:10:08', '2014-04-09 07:00:00', '2014-04-09 07:00:00', 6, 6, 0, 0, 0, NULL),
	(1745, 'Vydržím strašně krátkou dobu při sexu a neuvěřitelně mě to štve....co mám dělat ?', 1, 0, '2014-02-28 18:27:36', '2014-04-09 07:30:00', '2014-04-09 07:30:00', 11, 4, 0, 0, 0, NULL),
	(1746, 'Není to zrovna přiznání, ale potřebuji poradit....jsem v sexu začátečík a rád bych se zeptal, jak se používá lubrikační gel?? Díky za rady', 1, 0, '2014-03-02 11:59:49', '2014-04-10 20:30:00', '2014-04-10 20:30:00', 4, 9, 0, 0, 0, NULL),
	(1747, 'Při kuřbě s přítelkyní vydržím sotva 2 minuty a končím, nevím proč to tak mám. Při sexu už vydržím hodinu, hodinu a půl a neudělám se ale jakmile ho vezme do pusy a parkrát se projede jazykem tak mě stačí pár sekund! Poradíte prosím ? Má někdo stejný problém ?', 1, 0, '2014-03-02 14:13:37', '2014-04-11 17:30:00', '2014-04-11 17:30:00', 14, 7, 0, 0, 0, NULL),
	(1748, 'Je to trošku blbá otazka, ale mokry orgasmus je jakože se holka počůrá?? :O ', 0, 0, '2014-04-12 20:39:25', NULL, NULL, 1, 1, 0, 0, 0, NULL),
	(1749, 'Nikdy jsem svého přítele neudělala pusou...co zlepšit?', 0, 0, '2014-04-13 22:06:00', NULL, NULL, 0, 1, 0, 0, 0, NULL),
	(1750, 'Chtěl jsem se zeptat jak je to dobou masturbace/samotného sexu. Když si ho honím, převážně u porna, vydržím maximálně 10 minut, většinou spíš cca 5 min. Je to u sexu stejné nebo je výdrž delší? ', 0, 0, '2014-04-15 19:46:44', NULL, NULL, 2, 2, 0, 0, 0, NULL),
	(1751, 'Jak se tak může stát, že kluka po sexu bolí přirození? ...u holek je mi to jasné, ale co to způsobuje u kluků?', 1, 0, '2014-03-02 17:49:51', '2014-04-15 23:30:00', '2014-04-15 23:30:00', 8, 7, 0, 0, 0, NULL),
	(1752, 'otázka pro mladé páry: kde jste píchali poprvé? :D ', 1, 0, '2014-03-02 19:11:50', '2014-04-16 00:00:00', '2014-04-16 00:00:00', 8, 8, 0, 0, 0, NULL),
	(1753, 'Ahoj vsem s pritelem jsem 2 roky sex snim je proste bomba ale nekdy na pritele prijdou chvilky ze treba tyden nechce sex,misto toho aby si to semnou rozdal radsi si ho vyhoni nad pornem,pritom sex miluju,pritelovi je 23 me 18 poradte co stim mam delat dekuju ', 1, 0, '2014-03-03 12:26:46', '2014-04-16 00:30:00', '2014-04-16 00:30:00', 8, 8, 0, 0, 0, NULL),
	(1754, 'Z mých kamarádek, jsem byla vždycky já TA co měla nejmíň zkušeností, která zůstala pannou nejdéle apod. Problém je v tom, že sex jsem měla jenom párkrát, a nevím jestli je to tím, že to nikdy nebylo s nikým koho bych milovala nebo z mého komplexu (prsou), ale nikdy se mi úplně nelíbil. Prostě hrozně závidím všem lidem, co si ho užívaj a ještě o tom veřejně mluví, ale já i když si to většina lidí o mě ani nepomyslí, tak si ho neužívám a ani ho nevyhledávám. Takže mám třeba období kdy půl roku s nikým nespím, pak jednou a pak zase nic. Nevím kde je ten problém, nejsem žádná šereda ba naopak, modelka sice nejsem, ale myslím si že postavu mám atraktivní. Pro ty co hned budou psát, že skromnost mi nechybí, tak Vám pouze chci přiblížit situaci, protože kdybych byla vošklivá, vyžraná holka, tak je jasný proč ten sex nemám, tím nechci urazit baculky. Máte to tak nějak taky, co s tím? Btw, je mi 19 let.', 1, 0, '2014-03-03 19:00:07', '2014-04-16 01:00:00', '2014-04-16 01:00:00', 9, 9, 0, 0, 0, NULL),
	(1755, 'Ahoj mám dotaz je mi 14 a spala jsem s klukemkluke kterymu je 19 strasne se bojim jestli nejsem tehotna ale neudelal se  do mě ale nedostala jsem kramy tak se chci zeptat co mám dělat...', 1, 0, '2014-03-04 14:49:04', '2014-04-16 02:00:00', '2014-04-16 02:00:00', 7, 7, 0, 0, 0, NULL),
	(1756, 'Ahoj.Dosud jsem měla 3 sexuální partnery. Ani jeden mě neudělal. S tím třetím jsem do teď. Jsme spolu už 8 měsíců,a ještě ani jednou to nezvládl. Já se snažím jak můžu,on taky,a nic. Ani když masturbuji tak taky nic. Mohli by jste mi prosím nějak poradit,co a jak? Jestli se to už někomu stalo. Potřebovala bych to změnit. Děkuji', 1, 0, '2014-03-04 20:54:34', '2014-04-16 03:00:00', '2014-04-16 03:00:00', 7, 6, 0, 0, 0, NULL),
	(1757, 'Ako spoznám že prichádza mokrý orgazmus?  ', 1, 0, '2014-03-04 22:06:10', '2014-04-16 05:00:00', '2014-04-16 05:00:00', 5, 6, 0, 0, 0, NULL),
	(1758, 'Vždycky když "stříkám" tak to ze mě spíš jen tak líně vytejká.... A pak vidím v péčku, jak borci ženskejm zcákaj ksicht nebo záda..... jak je to možný, že někdo stříká jak kulomet a někdo jen vytejká? ??', 1, 0, '2014-03-04 22:21:27', '2014-04-16 07:00:00', '2014-04-16 07:00:00', 10, 7, 0, 0, 0, NULL),
	(1759, 'ahoj, hej kupovali jste si na teto stránce některou z her? :D nevím jak to mám objednat, prosím pomůžete mi ? :) a došlo vám to jestli jste si to někdo objednal? děkuji za odpověď:)', 1, 0, '2014-03-04 22:22:31', '2014-04-16 07:30:00', '2014-04-16 07:30:00', 7, 4, 0, 0, 0, NULL),
	(1760, 'Přítel mě přemlouvá na anál, ale já z toho mám strach. Bojím se, že to bude bolet. Myslíte, že mám zbytečně velkej strach? A sory, že se ptám, ale potřebuju radu. Mimochodem je mi 17 ne 10 ;) !', 1, 0, '2014-03-04 22:58:07', '2014-04-16 08:00:00', '2014-04-16 08:00:00', 6, 7, 0, 0, 0, NULL),
	(1761, 'Zítra jdu poprvé souložit, co mám dělat?', 1, 0, '2014-03-05 10:54:10', '2014-04-16 08:30:00', '2014-04-16 08:30:00', 7, 5, 0, 0, 0, NULL),
	(1762, 'jezdím na koních a v životě jsme se neudělala.. je to normální ?', 0, 0, '2014-04-20 18:04:13', NULL, NULL, 0, 0, 0, 0, 0, NULL),
	(1763, 'Ahoj, mam 15 rokov a už som spala zo svojim chlapcom ktoremu je 17.\r\nChceme to skusiť bez kondomu a že by sa mi urobil nabrucho ....\r\nKamaratky mi hovoria že nemôžem otehotnieť ... \r\nJe tam nejake riziko ak ho vytiahne včas ? :-)  \r\n\r\nĎakujem za radu :-) ', 0, 0, '2014-04-20 22:33:34', NULL, NULL, 1, 0, 0, 0, 0, NULL),
	(1764, 'Nazdar. Jsem holka a je mi 20. Od mala jsem byla stydlivka, první pusu jsem dostala až skoro v 17. Pak jsem začala žít i tím sexuálním životem. A jelikož se mi vždycky všichni smáli, že jsem ještě nikoho neměla, tak jsem se to snažila dohnat. Měla jsem pár kluků v posteli a teď toho lituju. Teď už si nikoho nepustím k tělu a nechci s nikým spát, protože si nechci připisovat další kluky v mým seznamu. Bohůžel mám práci, kde denně potkávám hrozně moc lidí a zvlášť chlapů a samozřejmě, že se o něco "snaží"...teď se tu povídá, že si s chlapama jen hraju...tak to není, jsem milá, bavím se, ale nic s nima nechci mít. Nedokážu už ani s nikým být, protože mám hrůzu z toho, že bych měla o chlapa víc v posteli. :-D Přitom sex miluju, ale tohle mi v tom trochu brání. ', 0, 0, '2014-04-21 09:18:59', NULL, NULL, 0, 0, 0, 0, 0, NULL),
	(1765, 'když mi ještě není 15 a nejsem panna a pujdu na gynekologii, řekne to gynekolog mojí matce když "TO" uvidí, nebo si to nechávají pro sebe?', 1, 0, '2014-03-05 20:07:48', '2014-04-21 22:30:00', '2014-04-21 22:30:00', 5, 3, 0, 0, 0, NULL),
	(1766, 'Nechápu, jak mám dostat kámošky do postele. poraďte.', 1, 0, '2014-03-06 08:32:02', '2014-04-21 23:00:00', '2014-04-21 23:00:00', 4, 3, 0, 0, 0, NULL),
	(1767, 'Aloha perverzáci..Mám na Vás jednu otázku:..Je to normální, když můj fanfulín má 5 cm v základu a když se postaví tak má 19 cm ??...Jen by mě to zajímalo jestli to tak máte všecí kluci nebo ho mám super ultra skladného...', 1, 0, '2014-03-06 18:00:31', '2014-04-21 23:30:00', '2014-04-21 23:30:00', 4, 7, 0, 0, 0, NULL),
	(1768, 'Zamiloval jsem se do holky, se kterou nemůžu být šťastný .. Co mám dělat ? :(', 1, 0, '2014-03-07 01:37:04', '2014-04-22 14:30:00', '2014-04-22 14:30:00', 4, 3, 0, 0, 0, NULL),
	(1769, 'ahojte je mi 19 a mam takovej problem, :/ mam na penisu takove bile tecki hned pod zaludem a nevim co s tim :/ hygiena je 100% nevite jak se toho zbavit k doktorovi nejdu a urazky si nechte :) Moc diky za kazdou radu :)', 1, 0, '2014-03-07 21:13:02', '2014-04-22 15:00:00', '2014-04-26 22:17:15', 8, 3, 0, 1, 0, NULL),
	(1770, 'Zdravím... Chtěl bych vás požádat o vaši radu... Mám asi nějak divnou předkožku či co, ale vždycky když se mi postaví, tak jaksi nejde přetáhnout. Když mi stojí, tak normál začnu stahovat, ale hned na začátku to jakoby začne "tahat". Když ho mám "v klidu" tak to jde lehce, ale když se postaví tak prostě nic... Máte s tím také zkušenosti? Popřípadě jak jste to vyřešili? Prosím jen seriózní odpovědi. Díky ! :)', 0, 0, '2014-04-27 20:51:58', NULL, NULL, 0, 0, 0, 0, 0, NULL),
	(1771, 'Ahoj, mám hrozně přecitlivělý žalud. Nemáte nějakou radu jak se toho "zbavit"? Je to fakt nepříjemné...', 0, 0, '2014-04-27 20:57:12', NULL, NULL, 0, 0, 0, 0, 0, NULL),
	(1772, 'chci se milovat s pritelem ale nema ho poradne tvrdeho,tvrdi mi ze je unaveny uz nevim co s tim,a kdyz se udela tak pak uz se mu nepostavi. mate s tim holky zkusenost??', 1, 0, '2014-03-09 20:17:48', '2014-04-28 00:30:00', '2014-04-28 00:30:00', 0, 0, 0, 0, 0, NULL),
	(1773, 'Především pro chlapce :-) co je pro vás nejvíc vzrušující v posteli? Když si s vámi dívka chce hrát, jak vás nejvíc nažhavit? Rada chci zkoušet něco nového, ale jak ma dojid na věc, nevím jak se zachovat..bude se mu to libit? Vzrušuje ho to? Nevěřím si.. Prosím poraďte :-)', 1, 0, '2014-03-10 09:00:45', '2014-04-28 01:00:00', '2014-04-28 01:00:00', 0, 0, 0, 0, 0, NULL),
	(1774, 'Můžu se zeptat,jestli když se do Vás kluk udělá, cítíte jak vysktříkne a potom že tu mrdku v sobě máte?', 1, 0, '2014-03-11 17:18:06', '2014-04-28 02:00:00', '2014-04-28 02:00:00', 0, 0, 0, 0, 0, NULL),
	(1775, 'Taky vaší holce po mrdání prdí píča?:DD', 1, 0, '2014-03-11 18:08:31', '2014-04-28 03:00:00', '2014-04-28 03:00:00', 0, 0, 0, 0, 0, NULL),
	(1776, 'Chci se zeptat co to je, když při sexu krvácí ? A mě nemá kramy. Stává se to nějaký z vás? ', 1, 0, '2014-03-12 06:57:52', '2014-04-28 05:00:00', '2014-04-28 05:00:00', 0, 0, 0, 0, 0, NULL),
	(1777, 'Jsem kluk a je mi 17 a jsem na holky ale láká mě to zkusit to s klukem jaký to bude? Co myslíte? Je to normální? :)', 1, 0, '2014-03-13 08:23:21', '2014-04-28 07:00:00', '2014-04-28 07:00:00', 0, 0, 0, 0, 0, NULL),
	(1778, 'Je mi 17, ještě jsem neměl sex. Nabídky jsem měl, ale holka se mi nelíbila, nebo jsem si s ní nerozuměl. Je ve mně chyba? Mám čekat na tu pravou? Nebo si užít za kazdou cenu, i když mi ta holka nepadla do oka? Poraďte prosim ... Děkuji :) ', 1, 0, '2014-03-14 13:03:36', '2014-04-28 07:30:00', '2014-04-28 07:30:00', 0, 0, 0, 0, 0, NULL),
	(1779, '"Kámoš" mi chce vopíchat matku.. Co mám dělat?', 1, 0, '2014-03-14 15:53:14', '2014-04-28 08:00:00', '2014-04-28 08:00:00', 0, 1, 0, 0, 0, NULL),
	(1780, 'Ahoj je mi 18 mám skoro o 4 roky staršího přítele.Spíme spolu už 2 rokya za celé 2 roky jsem se nsím udělala normální cestou jen 3,,jinak mě vždycky udělá jen jazykem nebo rukou? Holky máte to taky taky? Jinak sex mě baví,miluju ho,miluju experimenty(i muj prítel) jen by bylo krásny i to vyvrcholení.Díky za radu :*', 1, 0, '2014-03-14 20:16:57', '2014-04-28 08:30:00', '2014-04-28 08:30:00', 0, 1, 0, 0, 0, NULL),
	(1781, 'Kolik je zde holek, co zažívá orgasmus ve snech? Mě bohužel udělali jen dva kluci a můj přítel také ne. Co s tím mám dělat? Nějaké rady jak na to?', 1, 0, '2014-03-14 20:51:34', '2014-04-28 09:00:00', '2014-04-28 09:00:00', 0, 1, 0, 0, 0, NULL),
	(1782, 'Čau, hele musim jít na výtěr z močový trubice..vim, že holky to bolí, jaký to je u kluků? sem celkem posranej', 0, 0, '2014-04-29 20:25:32', NULL, NULL, 0, 0, 0, 0, 0, NULL);
/*!40000 ALTER TABLE `advices` ENABLE KEYS */;

-- Exportování dat pro tabulku pos.category_likes: ~0 rows (přibližně)
/*!40000 ALTER TABLE `category_likes` DISABLE KEYS */;
/*!40000 ALTER TABLE `category_likes` ENABLE KEYS */;

-- Exportování dat pro tabulku pos.category_property_want_to_meet: ~0 rows (přibližně)
/*!40000 ALTER TABLE `category_property_want_to_meet` DISABLE KEYS */;
INSERT INTO `category_property_want_to_meet` (`id`, `want_to_meet_group`, `want_to_meet_couple_women`, `want_to_meet_couple_men`, `want_to_meet_couple`, `want_to_meet_women`, `want_to_meet_men`, `type`) VALUES
	(633, 0, 0, 0, 0, 0, 0, 1),
	(997, 0, 0, 0, 0, 0, 0, 2),
	(1361, 0, 0, 0, 0, 0, 0, 3),
	(1725, 0, 0, 0, 0, 0, 0, 4),
	(2089, 0, 0, 0, 0, 0, 0, 5),
	(2453, 0, 0, 0, 0, 0, 0, 6),
	(876, 0, 0, 0, 0, 0, 1, 1),
	(1240, 0, 0, 0, 0, 0, 1, 2),
	(1604, 0, 0, 0, 0, 0, 1, 3),
	(1968, 0, 0, 0, 0, 0, 1, 4),
	(2332, 0, 0, 0, 0, 0, 1, 5),
	(2696, 0, 0, 0, 0, 0, 1, 6),
	(714, 0, 0, 0, 0, 1, 0, 1),
	(1078, 0, 0, 0, 0, 1, 0, 2),
	(1442, 0, 0, 0, 0, 1, 0, 3),
	(1806, 0, 0, 0, 0, 1, 0, 4),
	(2170, 0, 0, 0, 0, 1, 0, 5),
	(2534, 0, 0, 0, 0, 1, 0, 6),
	(957, 0, 0, 0, 0, 1, 1, 1),
	(1321, 0, 0, 0, 0, 1, 1, 2),
	(1685, 0, 0, 0, 0, 1, 1, 3),
	(2049, 0, 0, 0, 0, 1, 1, 4),
	(2413, 0, 0, 0, 0, 1, 1, 5),
	(2777, 0, 0, 0, 0, 1, 1, 6),
	(795, 0, 0, 0, 0, 2, 0, 1),
	(1159, 0, 0, 0, 0, 2, 0, 2),
	(1523, 0, 0, 0, 0, 2, 0, 3),
	(1887, 0, 0, 0, 0, 2, 0, 4),
	(2251, 0, 0, 0, 0, 2, 0, 5),
	(2615, 0, 0, 0, 0, 2, 0, 6),
	(660, 0, 0, 0, 1, 0, 0, 1),
	(1024, 0, 0, 0, 1, 0, 0, 2),
	(1388, 0, 0, 0, 1, 0, 0, 3),
	(1752, 0, 0, 0, 1, 0, 0, 4),
	(2116, 0, 0, 0, 1, 0, 0, 5),
	(2480, 0, 0, 0, 1, 0, 0, 6),
	(903, 0, 0, 0, 1, 0, 1, 1),
	(1267, 0, 0, 0, 1, 0, 1, 2),
	(1631, 0, 0, 0, 1, 0, 1, 3),
	(1995, 0, 0, 0, 1, 0, 1, 4),
	(2359, 0, 0, 0, 1, 0, 1, 5),
	(2723, 0, 0, 0, 1, 0, 1, 6),
	(741, 0, 0, 0, 1, 1, 0, 1),
	(1105, 0, 0, 0, 1, 1, 0, 2),
	(1469, 0, 0, 0, 1, 1, 0, 3),
	(1833, 0, 0, 0, 1, 1, 0, 4),
	(2197, 0, 0, 0, 1, 1, 0, 5),
	(2561, 0, 0, 0, 1, 1, 0, 6),
	(984, 0, 0, 0, 1, 1, 1, 1),
	(1348, 0, 0, 0, 1, 1, 1, 2),
	(1712, 0, 0, 0, 1, 1, 1, 3),
	(2076, 0, 0, 0, 1, 1, 1, 4),
	(2440, 0, 0, 0, 1, 1, 1, 5),
	(2804, 0, 0, 0, 1, 1, 1, 6),
	(822, 0, 0, 0, 1, 2, 0, 1),
	(1186, 0, 0, 0, 1, 2, 0, 2),
	(1550, 0, 0, 0, 1, 2, 0, 3),
	(1914, 0, 0, 0, 1, 2, 0, 4),
	(2278, 0, 0, 0, 1, 2, 0, 5),
	(2642, 0, 0, 0, 1, 2, 0, 6),
	(687, 0, 0, 0, 2, 0, 0, 1),
	(1051, 0, 0, 0, 2, 0, 0, 2),
	(1415, 0, 0, 0, 2, 0, 0, 3),
	(1779, 0, 0, 0, 2, 0, 0, 4),
	(2143, 0, 0, 0, 2, 0, 0, 5),
	(2507, 0, 0, 0, 2, 0, 0, 6),
	(930, 0, 0, 0, 2, 0, 1, 1),
	(1294, 0, 0, 0, 2, 0, 1, 2),
	(1658, 0, 0, 0, 2, 0, 1, 3),
	(2022, 0, 0, 0, 2, 0, 1, 4),
	(2386, 0, 0, 0, 2, 0, 1, 5),
	(2750, 0, 0, 0, 2, 0, 1, 6),
	(768, 0, 0, 0, 2, 1, 0, 1),
	(1132, 0, 0, 0, 2, 1, 0, 2),
	(1496, 0, 0, 0, 2, 1, 0, 3),
	(1860, 0, 0, 0, 2, 1, 0, 4),
	(2224, 0, 0, 0, 2, 1, 0, 5),
	(2588, 0, 0, 0, 2, 1, 0, 6),
	(849, 0, 0, 0, 2, 2, 0, 1),
	(1213, 0, 0, 0, 2, 2, 0, 2),
	(1577, 0, 0, 0, 2, 2, 0, 3),
	(1941, 0, 0, 0, 2, 2, 0, 4),
	(2305, 0, 0, 0, 2, 2, 0, 5),
	(2669, 0, 0, 0, 2, 2, 0, 6),
	(642, 0, 0, 1, 0, 0, 0, 1),
	(1006, 0, 0, 1, 0, 0, 0, 2),
	(1370, 0, 0, 1, 0, 0, 0, 3),
	(1734, 0, 0, 1, 0, 0, 0, 4),
	(2098, 0, 0, 1, 0, 0, 0, 5),
	(2462, 0, 0, 1, 0, 0, 0, 6),
	(885, 0, 0, 1, 0, 0, 1, 1),
	(1249, 0, 0, 1, 0, 0, 1, 2),
	(1613, 0, 0, 1, 0, 0, 1, 3),
	(1977, 0, 0, 1, 0, 0, 1, 4),
	(2341, 0, 0, 1, 0, 0, 1, 5),
	(2705, 0, 0, 1, 0, 0, 1, 6),
	(723, 0, 0, 1, 0, 1, 0, 1),
	(1087, 0, 0, 1, 0, 1, 0, 2),
	(1451, 0, 0, 1, 0, 1, 0, 3),
	(1815, 0, 0, 1, 0, 1, 0, 4),
	(2179, 0, 0, 1, 0, 1, 0, 5),
	(2543, 0, 0, 1, 0, 1, 0, 6),
	(966, 0, 0, 1, 0, 1, 1, 1),
	(1330, 0, 0, 1, 0, 1, 1, 2),
	(1694, 0, 0, 1, 0, 1, 1, 3),
	(2058, 0, 0, 1, 0, 1, 1, 4),
	(2422, 0, 0, 1, 0, 1, 1, 5),
	(2786, 0, 0, 1, 0, 1, 1, 6),
	(804, 0, 0, 1, 0, 2, 0, 1),
	(1168, 0, 0, 1, 0, 2, 0, 2),
	(1532, 0, 0, 1, 0, 2, 0, 3),
	(1896, 0, 0, 1, 0, 2, 0, 4),
	(2260, 0, 0, 1, 0, 2, 0, 5),
	(2624, 0, 0, 1, 0, 2, 0, 6),
	(669, 0, 0, 1, 1, 0, 0, 1),
	(1033, 0, 0, 1, 1, 0, 0, 2),
	(1397, 0, 0, 1, 1, 0, 0, 3),
	(1761, 0, 0, 1, 1, 0, 0, 4),
	(2125, 0, 0, 1, 1, 0, 0, 5),
	(2489, 0, 0, 1, 1, 0, 0, 6),
	(912, 0, 0, 1, 1, 0, 1, 1),
	(1276, 0, 0, 1, 1, 0, 1, 2),
	(1640, 0, 0, 1, 1, 0, 1, 3),
	(2004, 0, 0, 1, 1, 0, 1, 4),
	(2368, 0, 0, 1, 1, 0, 1, 5),
	(2732, 0, 0, 1, 1, 0, 1, 6),
	(750, 0, 0, 1, 1, 1, 0, 1),
	(1114, 0, 0, 1, 1, 1, 0, 2),
	(1478, 0, 0, 1, 1, 1, 0, 3),
	(1842, 0, 0, 1, 1, 1, 0, 4),
	(2206, 0, 0, 1, 1, 1, 0, 5),
	(2570, 0, 0, 1, 1, 1, 0, 6),
	(993, 0, 0, 1, 1, 1, 1, 1),
	(1357, 0, 0, 1, 1, 1, 1, 2),
	(1721, 0, 0, 1, 1, 1, 1, 3),
	(2085, 0, 0, 1, 1, 1, 1, 4),
	(2449, 0, 0, 1, 1, 1, 1, 5),
	(2813, 0, 0, 1, 1, 1, 1, 6),
	(831, 0, 0, 1, 1, 2, 0, 1),
	(1195, 0, 0, 1, 1, 2, 0, 2),
	(1559, 0, 0, 1, 1, 2, 0, 3),
	(1923, 0, 0, 1, 1, 2, 0, 4),
	(2287, 0, 0, 1, 1, 2, 0, 5),
	(2651, 0, 0, 1, 1, 2, 0, 6),
	(696, 0, 0, 1, 2, 0, 0, 1),
	(1060, 0, 0, 1, 2, 0, 0, 2),
	(1424, 0, 0, 1, 2, 0, 0, 3),
	(1788, 0, 0, 1, 2, 0, 0, 4),
	(2152, 0, 0, 1, 2, 0, 0, 5),
	(2516, 0, 0, 1, 2, 0, 0, 6),
	(939, 0, 0, 1, 2, 0, 1, 1),
	(1303, 0, 0, 1, 2, 0, 1, 2),
	(1667, 0, 0, 1, 2, 0, 1, 3),
	(2031, 0, 0, 1, 2, 0, 1, 4),
	(2395, 0, 0, 1, 2, 0, 1, 5),
	(2759, 0, 0, 1, 2, 0, 1, 6),
	(777, 0, 0, 1, 2, 1, 0, 1),
	(1141, 0, 0, 1, 2, 1, 0, 2),
	(1505, 0, 0, 1, 2, 1, 0, 3),
	(1869, 0, 0, 1, 2, 1, 0, 4),
	(2233, 0, 0, 1, 2, 1, 0, 5),
	(2597, 0, 0, 1, 2, 1, 0, 6),
	(858, 0, 0, 1, 2, 2, 0, 1),
	(1222, 0, 0, 1, 2, 2, 0, 2),
	(1586, 0, 0, 1, 2, 2, 0, 3),
	(1950, 0, 0, 1, 2, 2, 0, 4),
	(2314, 0, 0, 1, 2, 2, 0, 5),
	(2678, 0, 0, 1, 2, 2, 0, 6),
	(651, 0, 0, 2, 0, 0, 0, 1),
	(1015, 0, 0, 2, 0, 0, 0, 2),
	(1379, 0, 0, 2, 0, 0, 0, 3),
	(1743, 0, 0, 2, 0, 0, 0, 4),
	(2107, 0, 0, 2, 0, 0, 0, 5),
	(2471, 0, 0, 2, 0, 0, 0, 6),
	(894, 0, 0, 2, 0, 0, 1, 1),
	(1258, 0, 0, 2, 0, 0, 1, 2),
	(1622, 0, 0, 2, 0, 0, 1, 3),
	(1986, 0, 0, 2, 0, 0, 1, 4),
	(2350, 0, 0, 2, 0, 0, 1, 5),
	(2714, 0, 0, 2, 0, 0, 1, 6),
	(732, 0, 0, 2, 0, 1, 0, 1),
	(1096, 0, 0, 2, 0, 1, 0, 2),
	(1460, 0, 0, 2, 0, 1, 0, 3),
	(1824, 0, 0, 2, 0, 1, 0, 4),
	(2188, 0, 0, 2, 0, 1, 0, 5),
	(2552, 0, 0, 2, 0, 1, 0, 6),
	(975, 0, 0, 2, 0, 1, 1, 1),
	(1339, 0, 0, 2, 0, 1, 1, 2),
	(1703, 0, 0, 2, 0, 1, 1, 3),
	(2067, 0, 0, 2, 0, 1, 1, 4),
	(2431, 0, 0, 2, 0, 1, 1, 5),
	(2795, 0, 0, 2, 0, 1, 1, 6),
	(813, 0, 0, 2, 0, 2, 0, 1),
	(1177, 0, 0, 2, 0, 2, 0, 2),
	(1541, 0, 0, 2, 0, 2, 0, 3),
	(1905, 0, 0, 2, 0, 2, 0, 4),
	(2269, 0, 0, 2, 0, 2, 0, 5),
	(2633, 0, 0, 2, 0, 2, 0, 6),
	(678, 0, 0, 2, 1, 0, 0, 1),
	(1042, 0, 0, 2, 1, 0, 0, 2),
	(1406, 0, 0, 2, 1, 0, 0, 3),
	(1770, 0, 0, 2, 1, 0, 0, 4),
	(2134, 0, 0, 2, 1, 0, 0, 5),
	(2498, 0, 0, 2, 1, 0, 0, 6),
	(921, 0, 0, 2, 1, 0, 1, 1),
	(1239, 2, 2, 2, 2, 2, 0, 2),
	(1603, 2, 2, 2, 2, 2, 0, 3),
	(1967, 2, 2, 2, 2, 2, 0, 4),
	(2331, 2, 2, 2, 2, 2, 0, 5),
	(2695, 2, 2, 2, 2, 2, 0, 6);
/*!40000 ALTER TABLE `category_property_want_to_meet` ENABLE KEYS */;

-- Exportování dat pro tabulku pos.user_categories: ~0 rows (přibližně)
/*!40000 ALTER TABLE `user_categories` DISABLE KEYS */;
INSERT INTO `user_categories` (`id`, `tallness`, `likes`, `property_want_to_meet`) VALUES
	(1, 0, NULL, 633),
	(2, 0, NULL, 642),
	(3, 0, NULL, 651),
	(4, 0, NULL, 660),
	(5, 0, NULL, 669),
	(6, 0, NULL, 678),
	(7, 0, NULL, 687),
	(8, 0, NULL, 696),
	(9, 0, NULL, 714),
	(10, 0, NULL, 723),
	(11, 0, NULL, 732),
	(12, 0, NULL, 741),
	(13, 0, NULL, 750),
	(14, 0, NULL, 768),
	(15, 0, NULL, 777),
	(16, 0, NULL, 795),
	(17, 0, NULL, 804),
	(18, 0, NULL, 813),
	(19, 0, NULL, 822),
	(20, 0, NULL, 831),
	(21, 0, NULL, 849),
	(22, 0, NULL, 858),
	(23, 0, NULL, 876),
	(24, 0, NULL, 885),
	(25, 0, NULL, 894),
	(26, 0, NULL, 903),
	(27, 0, NULL, 912),
	(28, 0, NULL, 921),
	(29, 0, NULL, 930),
	(30, 0, NULL, 939),
	(31, 0, NULL, 957),
	(32, 0, NULL, 966),
	(33, 0, NULL, 975),
	(34, 0, NULL, 984),
	(35, 0, NULL, 993),
	(36, 0, NULL, 997),
	(37, 0, NULL, 1006),
	(38, 0, NULL, 1015),
	(39, 0, NULL, 1024),
	(40, 0, NULL, 1033),
	(41, 0, NULL, 1042),
	(42, 0, NULL, 1051),
	(43, 0, NULL, 1060),
	(44, 0, NULL, 1078),
	(45, 0, NULL, 1087),
	(46, 0, NULL, 1096),
	(47, 0, NULL, 1105),
	(48, 0, NULL, 1114),
	(49, 0, NULL, 1132),
	(50, 0, NULL, 1141),
	(51, 0, NULL, 1159),
	(52, 0, NULL, 1168),
	(53, 0, NULL, 1177),
	(54, 0, NULL, 1186),
	(55, 0, NULL, 1195),
	(56, 0, NULL, 1213),
	(57, 0, NULL, 1222),
	(58, 0, NULL, 1239),
	(59, 0, NULL, 1240),
	(60, 0, NULL, 1249),
	(61, 0, NULL, 1258),
	(62, 0, NULL, 1267),
	(63, 0, NULL, 1276),
	(64, 0, NULL, 1294),
	(65, 0, NULL, 1303),
	(66, 0, NULL, 1321),
	(67, 0, NULL, 1330),
	(68, 0, NULL, 1339),
	(69, 0, NULL, 1348),
	(70, 0, NULL, 1357),
	(71, 0, NULL, 1361),
	(72, 0, NULL, 1370),
	(73, 0, NULL, 1379),
	(74, 0, NULL, 1388),
	(75, 0, NULL, 1397),
	(76, 0, NULL, 1406),
	(77, 0, NULL, 1415),
	(78, 0, NULL, 1424),
	(79, 0, NULL, 1442),
	(80, 0, NULL, 1451),
	(81, 0, NULL, 1460),
	(82, 0, NULL, 1469),
	(83, 0, NULL, 1478),
	(84, 0, NULL, 1496),
	(85, 0, NULL, 1505),
	(86, 0, NULL, 1523),
	(87, 0, NULL, 1532),
	(88, 0, NULL, 1541),
	(89, 0, NULL, 1550),
	(90, 0, NULL, 1559),
	(91, 0, NULL, 1577),
	(92, 0, NULL, 1586),
	(93, 0, NULL, 1603),
	(94, 0, NULL, 1604),
	(95, 0, NULL, 1613),
	(96, 0, NULL, 1622),
	(97, 0, NULL, 1631),
	(98, 0, NULL, 1640),
	(99, 0, NULL, 1658),
	(100, 0, NULL, 1667),
	(101, 0, NULL, 1685),
	(102, 0, NULL, 1694),
	(103, 0, NULL, 1703),
	(104, 0, NULL, 1712),
	(105, 0, NULL, 1721),
	(106, 0, NULL, 1725),
	(107, 0, NULL, 1734),
	(108, 0, NULL, 1743),
	(109, 0, NULL, 1752),
	(110, 0, NULL, 1761),
	(111, 0, NULL, 1770),
	(112, 0, NULL, 1779),
	(113, 0, NULL, 1788),
	(114, 0, NULL, 1806),
	(115, 0, NULL, 1815),
	(116, 0, NULL, 1824),
	(117, 0, NULL, 1833),
	(118, 0, NULL, 1842),
	(119, 0, NULL, 1860),
	(120, 0, NULL, 1869),
	(121, 0, NULL, 1887),
	(122, 0, NULL, 1896),
	(123, 0, NULL, 1905),
	(124, 0, NULL, 1914),
	(125, 0, NULL, 1923),
	(126, 0, NULL, 1941),
	(127, 0, NULL, 1950),
	(128, 0, NULL, 1967),
	(129, 0, NULL, 1968),
	(130, 0, NULL, 1977),
	(131, 0, NULL, 1986),
	(132, 0, NULL, 1995),
	(133, 0, NULL, 2004),
	(134, 0, NULL, 2022),
	(135, 0, NULL, 2031),
	(136, 0, NULL, 2049),
	(137, 0, NULL, 2058),
	(138, 0, NULL, 2067),
	(139, 0, NULL, 2076),
	(140, 0, NULL, 2085),
	(141, 0, NULL, 2089),
	(142, 0, NULL, 2098),
	(143, 0, NULL, 2107),
	(144, 0, NULL, 2116),
	(145, 0, NULL, 2125),
	(146, 0, NULL, 2134),
	(147, 0, NULL, 2143),
	(148, 0, NULL, 2152),
	(149, 0, NULL, 2170),
	(150, 0, NULL, 2179),
	(151, 0, NULL, 2188),
	(152, 0, NULL, 2197),
	(153, 0, NULL, 2206),
	(154, 0, NULL, 2224),
	(155, 0, NULL, 2233),
	(156, 0, NULL, 2251),
	(157, 0, NULL, 2260),
	(158, 0, NULL, 2269),
	(159, 0, NULL, 2278),
	(160, 0, NULL, 2287),
	(161, 0, NULL, 2305),
	(162, 0, NULL, 2314),
	(163, 0, NULL, 2331),
	(164, 0, NULL, 2332),
	(165, 0, NULL, 2341),
	(166, 0, NULL, 2350),
	(167, 0, NULL, 2359),
	(168, 0, NULL, 2368),
	(169, 0, NULL, 2386),
	(170, 0, NULL, 2395),
	(171, 0, NULL, 2413),
	(172, 0, NULL, 2422),
	(173, 0, NULL, 2431),
	(174, 0, NULL, 2440),
	(175, 0, NULL, 2449),
	(176, 0, NULL, 2453),
	(177, 0, NULL, 2462),
	(178, 0, NULL, 2471),
	(179, 0, NULL, 2480),
	(180, 0, NULL, 2489),
	(181, 0, NULL, 2498),
	(182, 0, NULL, 2507),
	(183, 0, NULL, 2516),
	(184, 0, NULL, 2534),
	(185, 0, NULL, 2543),
	(186, 0, NULL, 2552),
	(187, 0, NULL, 2561),
	(188, 0, NULL, 2570),
	(189, 0, NULL, 2588),
	(190, 0, NULL, 2597),
	(191, 0, NULL, 2615),
	(192, 0, NULL, 2624),
	(193, 0, NULL, 2633),
	(194, 0, NULL, 2642),
	(195, 0, NULL, 2651),
	(196, 0, NULL, 2669),
	(197, 0, NULL, 2678),
	(198, 0, NULL, 2695),
	(199, 0, NULL, 2696),
	(200, 0, NULL, 2705),
	(201, 0, NULL, 2714),
	(202, 0, NULL, 2723),
	(203, 0, NULL, 2732),
	(204, 0, NULL, 2750),
	(205, 0, NULL, 2759),
	(206, 0, NULL, 2777),
	(207, 0, NULL, 2786),
	(208, 0, NULL, 2795),
	(209, 0, NULL, 2804),
	(210, 0, NULL, 2813),
	(211, 0, NULL, 633),
	(212, 0, NULL, 642),
	(213, 0, NULL, 651),
	(214, 0, NULL, 660),
	(215, 0, NULL, 669),
	(216, 0, NULL, 678),
	(217, 0, NULL, 687),
	(218, 0, NULL, 696),
	(219, 0, NULL, 714),
	(220, 0, NULL, 723),
	(221, 0, NULL, 732),
	(222, 0, NULL, 741),
	(223, 0, NULL, 750),
	(224, 0, NULL, 768),
	(225, 0, NULL, 777),
	(226, 0, NULL, 795),
	(227, 0, NULL, 804),
	(228, 0, NULL, 813),
	(229, 0, NULL, 822),
	(230, 0, NULL, 831),
	(231, 0, NULL, 849),
	(232, 0, NULL, 858),
	(233, 0, NULL, 876),
	(234, 0, NULL, 885),
	(235, 0, NULL, 894),
	(236, 0, NULL, 903),
	(237, 0, NULL, 912),
	(238, 0, NULL, 921),
	(239, 0, NULL, 930),
	(240, 0, NULL, 939),
	(241, 0, NULL, 957),
	(242, 0, NULL, 966),
	(243, 0, NULL, 975),
	(244, 0, NULL, 984),
	(245, 0, NULL, 993),
	(246, 0, NULL, 997),
	(247, 0, NULL, 1006),
	(248, 0, NULL, 1015),
	(249, 0, NULL, 1024),
	(250, 0, NULL, 1033),
	(251, 0, NULL, 1042),
	(252, 0, NULL, 1051),
	(253, 0, NULL, 1060),
	(254, 0, NULL, 1078),
	(255, 0, NULL, 1087),
	(256, 0, NULL, 1096),
	(257, 0, NULL, 1105),
	(258, 0, NULL, 1114),
	(259, 0, NULL, 1132),
	(260, 0, NULL, 1141),
	(261, 0, NULL, 1159),
	(262, 0, NULL, 1168),
	(263, 0, NULL, 1177),
	(264, 0, NULL, 1186),
	(265, 0, NULL, 1195),
	(266, 0, NULL, 1213),
	(267, 0, NULL, 1222),
	(268, 0, NULL, 1239),
	(269, 0, NULL, 1240),
	(270, 0, NULL, 1249),
	(271, 0, NULL, 1258),
	(272, 0, NULL, 1267),
	(273, 0, NULL, 1276),
	(274, 0, NULL, 1294),
	(275, 0, NULL, 1303),
	(276, 0, NULL, 1321),
	(277, 0, NULL, 1330),
	(278, 0, NULL, 1339),
	(279, 0, NULL, 1348),
	(280, 0, NULL, 1357),
	(281, 0, NULL, 1361),
	(282, 0, NULL, 1370),
	(283, 0, NULL, 1379),
	(284, 0, NULL, 1388),
	(285, 0, NULL, 1397),
	(286, 0, NULL, 1406),
	(287, 0, NULL, 1415),
	(288, 0, NULL, 1424),
	(289, 0, NULL, 1442),
	(290, 0, NULL, 1451),
	(291, 0, NULL, 1460),
	(292, 0, NULL, 1469),
	(293, 0, NULL, 1478),
	(294, 0, NULL, 1496),
	(295, 0, NULL, 1505),
	(296, 0, NULL, 1523),
	(297, 0, NULL, 1532),
	(298, 0, NULL, 1541),
	(299, 0, NULL, 1550),
	(300, 0, NULL, 1559),
	(301, 0, NULL, 1577),
	(302, 0, NULL, 1586),
	(303, 0, NULL, 1603),
	(304, 0, NULL, 1604),
	(305, 0, NULL, 1613),
	(306, 0, NULL, 1622),
	(307, 0, NULL, 1631),
	(308, 0, NULL, 1640),
	(309, 0, NULL, 1658),
	(310, 0, NULL, 1667),
	(311, 0, NULL, 1685),
	(312, 0, NULL, 1694),
	(313, 0, NULL, 1703),
	(314, 0, NULL, 1712),
	(315, 0, NULL, 1721),
	(316, 0, NULL, 1725),
	(317, 0, NULL, 1734),
	(318, 0, NULL, 1743),
	(319, 0, NULL, 1752),
	(320, 0, NULL, 1761),
	(321, 0, NULL, 1770),
	(322, 0, NULL, 1779),
	(323, 0, NULL, 1788),
	(324, 0, NULL, 1806),
	(325, 0, NULL, 1815),
	(326, 0, NULL, 1824),
	(327, 0, NULL, 1833),
	(328, 0, NULL, 1842),
	(329, 0, NULL, 1860),
	(330, 0, NULL, 1869),
	(331, 0, NULL, 1887),
	(332, 0, NULL, 1896),
	(333, 0, NULL, 1905),
	(334, 0, NULL, 1914),
	(335, 0, NULL, 1923),
	(336, 0, NULL, 1941),
	(337, 0, NULL, 1950),
	(338, 0, NULL, 1967),
	(339, 0, NULL, 1968),
	(340, 0, NULL, 1977),
	(341, 0, NULL, 1986),
	(342, 0, NULL, 1995),
	(343, 0, NULL, 2004),
	(344, 0, NULL, 2022),
	(345, 0, NULL, 2031),
	(346, 0, NULL, 2049),
	(347, 0, NULL, 2058),
	(348, 0, NULL, 2067),
	(349, 0, NULL, 2076),
	(350, 0, NULL, 2085),
	(351, 0, NULL, 2089),
	(352, 0, NULL, 2098),
	(353, 0, NULL, 2107),
	(354, 0, NULL, 2116),
	(355, 0, NULL, 2125),
	(356, 0, NULL, 2134),
	(357, 0, NULL, 2143),
	(358, 0, NULL, 2152),
	(359, 0, NULL, 2170),
	(360, 0, NULL, 2179),
	(361, 0, NULL, 2188),
	(362, 0, NULL, 2197),
	(363, 0, NULL, 2206),
	(364, 0, NULL, 2224),
	(365, 0, NULL, 2233),
	(366, 0, NULL, 2251),
	(367, 0, NULL, 2260),
	(368, 0, NULL, 2269),
	(369, 0, NULL, 2278),
	(370, 0, NULL, 2287),
	(371, 0, NULL, 2305),
	(372, 0, NULL, 2314),
	(373, 0, NULL, 2331),
	(374, 0, NULL, 2332),
	(375, 0, NULL, 2341),
	(376, 0, NULL, 2350),
	(377, 0, NULL, 2359),
	(378, 0, NULL, 2368),
	(379, 0, NULL, 2386),
	(380, 0, NULL, 2395),
	(381, 0, NULL, 2413),
	(382, 0, NULL, 2422),
	(383, 0, NULL, 2431),
	(384, 0, NULL, 2440),
	(385, 0, NULL, 2449),
	(386, 0, NULL, 2453),
	(387, 0, NULL, 2462),
	(388, 0, NULL, 2471),
	(389, 0, NULL, 2480),
	(390, 0, NULL, 2489),
	(391, 0, NULL, 2498),
	(392, 0, NULL, 2507),
	(393, 0, NULL, 2516),
	(394, 0, NULL, 2534),
	(395, 0, NULL, 2543),
	(396, 0, NULL, 2552),
	(397, 0, NULL, 2561),
	(398, 0, NULL, 2570),
	(399, 0, NULL, 2588),
	(400, 0, NULL, 2597),
	(401, 0, NULL, 2615),
	(402, 0, NULL, 2624),
	(403, 0, NULL, 2633),
	(404, 0, NULL, 2642),
	(405, 0, NULL, 2651),
	(406, 0, NULL, 2669),
	(407, 0, NULL, 2678),
	(408, 0, NULL, 2695),
	(409, 0, NULL, 2696),
	(410, 0, NULL, 2705),
	(411, 0, NULL, 2714),
	(412, 0, NULL, 2723),
	(413, 0, NULL, 2732),
	(414, 0, NULL, 2750),
	(415, 0, NULL, 2759),
	(416, 0, NULL, 2777),
	(417, 0, NULL, 2786),
	(418, 0, NULL, 2795),
	(419, 0, NULL, 2804),
	(420, 0, NULL, 2813);


-- Exportování dat pro tabulku pos.chat_messages: ~0 rows (přibližně)
/*!40000 ALTER TABLE `chat_messages` DISABLE KEYS */;
INSERT INTO `chat_messages` (`id`, `id_sender`, `id_recipient`, `text`, `type`, `readed`) VALUES
	(1, 3, 4, 'přečetl sis to?', 0, 0),
	(2, 3, 4, 'a ty sis přečetl tohle?', 0, 0),
	(3, 87, 87, 'd', 0, 1),
	(4, 1, 87, 'werwer', 0, 1),
	(5, 1, 87, 'fsdf', 0, 1),
	(6, 1, 87, 'werwe', 0, 1),
	(7, 1, 87, 'wer', 0, 1),
	(22, 87, 86, 'wrew', 0, 1),
	(23, 87, 1, 'wrerw', 0, 1),
	(24, 87, 1, 'eete', 0, 1),
	(25, 1, 87, 'egt', 0, 1),
	(26, 1, 87, 'dvě okna?', 0, 1),
	(27, 1, 87, 'wrw', 0, 1),
	(28, 87, 86, 'sfsfeet', 0, 1),
	(29, 87, 87, 'ert', 0, 1),
	(30, 1, 86, 'tee', 0, 0),
	(31, 1, 87, 'ert', 0, 1),
	(32, 87, 87, 'esrfsef', 0, 1),
	(33, 94, 87, 'fsdf', 0, 1),
	(34, 18, 1, 'sdfs', 0, 1),
	(35, 1, 91, 'svfs', 0, 1),
	(36, 1, 87, 'odjerryho', 0, 1),
	(37, 87, 86, 'sfertwt', 0, 1),
	(38, 87, 1, 'odtestu', 0, 1),
	(39, 87, 87, 'ahoj', 0, 1),
	(40, 1, 87, 'jsi tu?', 0, 1),
	(41, 1, 87, 'aha, tak nic', 0, 1),
	(42, 87, 94, 'afrfe', 0, 0),
	(43, 1, 87, 'dfggd', 0, 1),
	(44, 1, 87, 'jsi tu?', 0, 1),
	(45, 1, 87, 'nesji tu?', 0, 1),
	(46, 1, 87, 'jsi tu?', 0, 1),
	(47, 87, 1, 'teeees', 0, 1),
	(48, 1, 4, 'Ahoj já jsem Jerry', 0, 0),
	(49, 1, 4, 'Jak se máš?', 0, 0),
	(50, 3, 4, 'Ahoj, jsem první test uživatel.', 0, 1),
	(51, 3, 4, 'Jak je?', 0, 1),
	(52, 3, 4, 'Jde to?', 0, 1),
	(53, 4, 3, 'Čau.', 0, 1),
	(54, 4, 3, 'Není to špatný.', 0, 1);
/*!40000 ALTER TABLE `chat_messages` ENABLE KEYS */;

-- Exportování dat pro tabulku pos.city: ~0 rows (přibližně)
/*!40000 ALTER TABLE `city` DISABLE KEYS */;
INSERT INTO `city` (`id`, `name`, `districtID`) VALUES
	(1, 'Blatec', 1),
	(2, 'Blatná', 2),
	(3, 'Blatnice', 3),
	(4, 'Blatnice', 4),
	(5, 'Blatnice pod Svatým Antonínkem', 5),
	(6, 'Blatnička', 5),
	(7, 'Blatno', 6),
	(8, 'Blatno', 7),
	(9, 'Blazice', 8),
	(10, 'Blažejov', 9),
	(11, 'Blažejovice', 10),
	(12, 'Blažim', 7),
	(13, 'Blažim', 3),
	(14, 'Blažkov', 11),
	(15, 'Blažovice', 12),
	(16, 'Blešno', 13),
	(17, 'Blevice', 14),
	(18, 'Blízkov', 11),
	(19, 'Blížejov', 15),
	(20, 'Blíževedly', 16),
	(21, 'Blížkovice', 17),
	(22, 'Blovice', 18),
	(23, 'Blšany', 7),
	(24, 'Blšany u Loun', 7),
	(25, 'Blučina', 12),
	(26, 'Bludov', 19),
	(27, 'Bludov', 20),
	(28, 'Bobnice', 21),
	(29, 'Bobrová', 11),
	(30, 'Bobrůvka', 11),
	(31, 'Bocanovice', 22),
	(32, 'Boháňka', 23),
	(33, 'Boharyně', 13),
	(34, 'Bohaté Málkovice', 24),
	(35, 'Bohatice', 16),
	(36, 'Bohdalec', 11),
	(37, 'Bohdalice-Pavlovice', 24),
	(38, 'Bohdalín', 25),
	(39, 'Bohdalov', 11);
/*!40000 ALTER TABLE `city` ENABLE KEYS */;

-- Exportování dat pro tabulku pos.comment_images: ~0 rows (přibližně)
/*!40000 ALTER TABLE `comment_images` DISABLE KEYS */;
/*!40000 ALTER TABLE `comment_images` ENABLE KEYS */;

-- Exportování dat pro tabulku pos.competitions_images: ~0 rows (přibližně)
/*!40000 ALTER TABLE `competitions_images` DISABLE KEYS */;
INSERT INTO `competitions_images` (`id`, `imageID`, `userID`, `competitionID`, `phone`, `name`, `surname`, `allowed`) VALUES
	(1, 3, 3, 1, NULL, NULL, NULL, 1),
	(2, 2, 3, 1, NULL, NULL, NULL, 1);
/*!40000 ALTER TABLE `competitions_images` ENABLE KEYS */;

-- Exportování dat pro tabulku pos.confessions: ~0 rows (přibližně)
/*!40000 ALTER TABLE `confessions` DISABLE KEYS */;
INSERT INTO `confessions` (`id`, `note`, `mark`, `inStream`, `was_on_fb`, `create`, `release_date`, `sort_date`, `real`, `fake`, `fblike`, `comment`, `add_to_fb_page`, `adminID`) VALUES
	(20100, 'Miluji když ho můžu klukovi vykouřit :) a ráda polykám', 1, 1, 1, '2014-02-15 14:11:08', '2014-03-20 22:00:00', '2014-03-20 22:00:00', 8, 8, 0, 0, 0, 14),
	(20101, 'mel jsem pritelkyni, která mi zacala jen lhat a podvádět, ted me ma za krypla a říká ze lzu ja!!!! je tohle normalni??', 2, 0, 0, '2014-02-15 14:14:09', NULL, NULL, 0, 0, 0, 0, 0, NULL),
	(20102, 'Přiznávám, že každý den koukám na porno, dělám si to sama ručně a i přes to musím mít pravidelný sex. Bez sexu nevydržím dýl jak týden a to nemám přítele a je mi 16 let a nevadí mi to :)', 1, 1, 1, '2014-02-15 14:28:28', '2014-03-20 22:20:00', '2014-03-20 22:20:00', 9, 9, 0, 0, 0, 14),
	(20103, 'Ahoj toto není ani přiznání,spíš chci něco vzkázat.Nedávno jsem četl přiznání holek a bylo tam něco ve smyslu ležela jsem s klukem v posteli ale pak to posral tím že ho měl malýho.Co si sakra myslíte každej je nějakej, já taky neodsuzuju holky co mají menší prsa nemohou za to.Když si najdete průměr tak český je kolem 15cm a celosvětový je asi 13-14cm.Takže jak tu píše 90% lidí jak ho mají 21 cm atd. kecají.Holky prvně si něco přečtěte a pak kecejte a fňukejte že má jenom 15cm PS:mám 16cm a jsem spokojen', 1, 1, 1, '2014-02-15 16:26:10', '2014-03-20 22:40:00', '2014-03-23 01:23:50', 16, 14, 0, 1, 0, 14),
	(20104, 'neřeště pořád velikosti čeho koliv !!!!!! nic ztím neuděláte a už je to trapné !!!!!!!!!!!!', 2, 0, 0, '2014-02-15 16:26:41', NULL, NULL, 0, 0, 0, 0, 0, NULL),
	(20105, 'jsem gay a seru na vás ! ;)', 2, 0, 0, '2014-02-15 16:27:50', NULL, NULL, 0, 0, 0, 0, 0, NULL),
	(20106, 'ježiš lidi neřeště pořád velikosti je to už na nervy !!!!!! fakt to pořád neřeště stejnak vám to nijak nepomůže si ho srovnávejte ve sprše  a nesrte to sem !! a holky bože proč řešíte prsa?! nezměníte je tak to pořád neřeště !! a pořád se nepodvádějte tak nechodte do vztahů když to nedáváte !!!!!!!!!!!!!!!!!!!!!!!!!!!!!!!!!!!!!!!', 1, 1, 1, '2014-02-15 16:30:23', '2014-03-20 23:00:00', '2014-03-20 23:00:00', 9, 8, 0, 0, 0, 14),
	(20107, 'Dneska mi bejvalej (se kterým jsem se rozešla já) napsal, že mě za dobu našeho vzahu prej třikrát podvedl. Protože je neskutečně žárlivej stalkista (i po ukončení našeho vztahu), stalo se to prý v době, kdy jsem se mu dlouho neozývala (tzn. 3h).\r\n No aby to bylo přiznání o sexu, musím napsat, že na to jeho chování bych se divila, kdyby nějakou holku sbalil, mimo to, když už by skončili v posteli, tak se nedivím, že to bylo jen na jednu noc - společně se svým chováním je v sexu absoltuně příšernej. ', 1, 1, 0, '2014-02-15 16:58:41', '2014-03-20 23:20:00', '2014-03-20 23:20:00', 8, 7, 0, 0, 0, 14),
	(20108, 'S mým přítelem jsme spolu necelé dva roky. Miluji ho ve všech ohledech kromě sexu. Neumí mě uspokojit, chci daleko víckrát než on a je mi to chvílema trapné, protože se nechci vnucovat. Takže to děláme tak jednou z pěti mých návrhů. Kupuji si všelijaké prádlo,dělám všechno, kouřím, polykám, protože mě to baví. A podle bývalých partnerů, jsem v sexu velmi dobrá. Nic jsem neodmítla naopak chci vyzkoušet všechno, jako i anální sex, který on opět odmítá. Prostě mi v posteli nestačí. Podle jeho slov ho to se mnou hrozne baví, prý neměl nikdy podobnou, jako jsem já. Je dost zkušený ale uspokojit mě nedokáže a chce to hrozně málo. Já bych ho nepodvedla nikdy, ale v tomhle ohledu nejsem prostě spokojena. Má to někdo podobně a ví co dělat? :/', 1, 1, 0, '2014-02-15 16:59:54', '2014-03-20 23:40:00', '2014-03-20 23:40:00', 10, 9, 0, 0, 0, 14),
	(20109, 'Náš průměrný sex s přítelkyní trvá 3+ hodin a náš nejdelší trval 8hodin.Chci se zeptat jestli to máte podobně nebo jsme tak šílení jen my.:))', 1, 1, 1, '2014-02-15 19:09:56', '2014-03-21 00:00:00', '2014-03-23 01:20:48', 14, 19, 0, 1, 0, 14),
	(20110, 'Nechapu dnešní kluky, kteří radši chodí s holkou která pije pivo, hraje Lolko nebo mluví jak dlaždič. Podle mě se mají holky chovat jako holky, a ne jako burani. Na piti piva snad mate kamarády ne? ', 1, 1, 1, '2014-02-15 20:21:38', '2014-03-21 00:20:00', '2014-03-21 00:20:00', 11, 9, 0, 0, 0, 14),
	(20111, 'Je nějaká holka, které se při sexu povedlo udělat tzv. "Píčiprd" ? :-D mě ano a zajímalo by mě, jestli je to klukům odporné a mám se cítit trapně nebo to neni zase taková hrůza? :-/ ', 1, 1, 1, '2014-02-15 20:26:34', '2014-03-21 00:40:00', '2014-03-21 00:40:00', 12, 9, 0, 0, 0, 14),
	(20112, 'fbfbttz', 2, 0, 0, '2014-02-15 20:42:39', NULL, NULL, 0, 0, 0, 0, 0, NULL),
	(20114, 'mam problem s chlapem.... kdyz uz mame mit sex tak je nejaka ta predehra ale jak ho tam ma strcit tak ho tam sice strci ale penis mu zmekne, uz se mi stalo ze sukal ale nestal mu a kdyz sem rekla ze ho ta nemam tak se hrozne divil ze ho tam ma, ale s mekkym to proste nejde... co na to krom viagry?kdybych mu ji nabidla asi by se urazil', 1, 1, 1, '2014-02-15 22:12:33', '2014-03-21 01:00:00', '2014-03-21 01:00:00', 11, 8, 0, 0, 0, 14),
	(20115, 'Jednou jsem příteli honila péro nohama a neumyla si je... měl ho černýho jak cikán .', 1, 1, 1, '2014-02-16 00:05:53', '2014-03-21 02:00:00', '2014-03-21 02:00:00', 12, 8, 0, 0, 0, 14),
	(20116, 'Jsem kluk. Mel jsem svou prvni lasku, se kterou jsem o to prisel v 15... cekali jsme nez nam oboum bude 15 ( pro me to znamenalo o 2 mesice cekani navic :D ) a to jsem jeste ten sex oddaloval ... nebyl jsem zkratka jeste pripraveny :) ... nakonec jsem JI podlehl a pomiloval se s ni. od te doby jsem to mohl mit furt :P :D ..... ted jsem pres rok sam a ani sex jsem uz pres rok nemel :/ ... ale co?! pockam si zase na plnohodnotny vztah :)\r\n\r\njak vidite, ne kazdy potrebuje pichat vsude kde to jde :D :D :D', 1, 1, 1, '2014-02-16 00:18:55', '2014-03-21 03:00:00', '2014-03-21 11:18:04', 10, 10, 1, 0, 0, 14),
	(20117, 'Poslední dobou skoro vždy, když mám něco s někým, ták je ten někdo zadanej:/ Hrozně mě to štve, když vidím toho kluka, jak někde jde s tou svojí holkou a pak mi píše,že by to se mnou chtěl zopakovat atd.. ', 1, 1, 1, '2014-02-16 01:44:25', '2014-03-21 05:00:00', '2014-03-21 05:00:00', 9, 9, 0, 0, 0, 14),
	(20118, 'Hnusí se mi po sexu lízat svojí holku nebo líbat jí, když vím, že mi Ho kouřila. To je jako kdybych si Ho strkal sám sobě do pusy :D jsem jedinej?', 1, 1, 1, '2014-02-16 08:24:20', '2014-03-21 07:00:00', '2014-03-21 07:00:00', 8, 5, 0, 0, 0, 14),
	(20119, 'jsem holka a je mi 16 let.. kdyz jsem fakt nadrzena pustim si gay porno kde nekdo masturnuje..  hrozne me to vzrusuje.. ten pohled na nej kdyz honi :33   16.2.', 1, 1, 1, '2014-02-16 09:14:09', '2014-03-21 07:20:00', '2014-03-21 07:20:00', 4, 4, 0, 0, 0, 14),
	(20120, 'Ten pocit, když chodíte za čerstvým (nevím jstli to tak můžu říct už) přítelem, dívat se na filmy a já jsem vždycky plná očekávání, že mě ošuká a pak chodím domů zklamaná, protože nic ani nezkusil.', 1, 1, 1, '2014-02-16 12:58:32', '2014-03-21 08:00:00', '2014-03-21 08:00:00', 5, 5, 0, 0, 0, 14),
	(20121, 'Mě nedostane chlap do postele když se ptá jestli může. Prostě ať se na to hned vrhne a ne ptát se.', 1, 1, 1, '2014-02-16 12:59:25', '2014-03-21 08:20:00', '2014-03-24 11:18:43', 12, 9, 1, 0, 0, 14),
	(20122, 'miluju když lížu zadek mojí opičce a ona si u toho upšoukne', 1, 1, 1, '2014-02-16 13:41:14', '2014-03-21 08:40:00', '2014-03-21 08:40:00', 3, 6, 3, 0, 0, 14),
	(20123, 'spal sem  vždy s hubenejma holkama, ale jak jsem jednou spal s tlustou, jiné už nechci... to je aspoň sex.. x)', 1, 1, 1, '2014-02-16 15:42:51', '2014-03-21 09:00:00', '2014-03-21 09:00:00', 7, 5, 0, 0, 0, 14),
	(20124, 'když se polyká u kluka řekne se že je to zdravé ale když se polyká u holky tak se tomu řekne jak?', 1, 1, 1, '2014-02-16 16:15:09', '2014-03-21 09:20:00', '2014-03-21 09:20:00', 4, 4, 0, 0, 0, 14),
	(20125, 'Všichni si tady v komentech u nějakýho přiznání ohledně strkání prstů do zadku klukovi a tak hrajou na strašný heteráky, přitom typuju že víc než půlka co píšou ty nejútočnější komenty by doopravdy rádi něco takovýho zkusili, akorát jsou na to moc "tvrďáci a strašný borci" :D', 1, 1, 1, '2014-02-16 16:19:40', '2014-03-21 09:40:00', '2014-03-21 09:40:00', 4, 4, 0, 0, 0, 14),
	(20126, 'Sex s kamarádem ..ano či ne? ', 1, 1, 1, '2014-02-16 16:38:11', '2014-03-21 10:00:00', '2014-03-21 10:00:00', 3, 3, 0, 0, 0, 14),
	(20127, 'Jsem vášnivá, dychtivá a nespoutaná. Sex zbožňuju, když jsem byla s přítelem, tak jsme si milování strašně užívali, byli jsme vůči sobě otevření jak to jen nejvíc\r\nšlo, nebáli jsme se nikdy navrhnout něco nového. Ve všem jsme si vyhověli ale teď už spolu nejsme a já nemyslím skoro na nic jiného než na sex a vše s tím \r\nspojené. Když jdu po ulici a nějaký muž mě zaujme, tak hned pomyslím na to jak vypadá nahý, jaký je jeho penis a jaké by bylo se s ním milovat ale má to háček.\r\nTo jsou jen mé představy. Nikdy jsem sice neměla o muže nouzi ale nelíbí se mi představa sexu bez lásky.Hrozně ráda se s muži seznamuji ale většinou se \r\nukáže, že zrovna o víc než o sex nemají zájem.Já to chápu každý je nějaký ale mě se to prostě hnusí ale na druhou stranu na sex myslím skoro neustále. ', 1, 1, 1, '2014-02-16 17:01:43', '2014-03-21 10:20:00', '2014-03-21 10:20:00', 4, 3, 0, 0, 0, 14),
	(20128, 'chcete ho někdo vykouřit?!', 2, 0, 0, '2014-02-16 17:29:29', NULL, NULL, 0, 0, 0, 0, 0, NULL),
	(20129, 'Chtěla jsem jednoho kluka. Chodila jsem s ním ven, do kina...strašně se mi líbil. Líbali jsme se a všechno bylo v pohodě. Jednou došlo na to, že jsem mu sáhla do kalhot a říkám vám, žížalka ve křoví. Nejen že nebyl vyholenej, ale pomalu jsem nevěděla, že něco držím v ruce. Od té doby jsem ho neviděla.', 1, 1, 1, '2014-02-16 18:06:24', '2014-03-21 10:40:00', '2014-03-21 10:40:00', 6, 5, 0, 0, 0, 14),
	(20130, 'Když si píšu se svou přítelkyní, která je ještě panna. A přemýšlím nad tím jak jí uspokojit. Sex se mi moc líbí, ale přítelkyně zatím nechce, říká: „že je čas“. Párkrát jsem přemýšlel nad tím, že jí zahnu, ale nakonec něco ve mě mi řekne: „nedělej to“. Poraďte mi co mam dělat. Sex chci ale opravdoví ale přítelkyně ne.', 1, 1, 1, '2014-02-16 18:17:08', '2014-03-21 11:00:00', '2014-03-21 11:00:00', 7, 6, 0, 0, 0, 14),
	(20131, 'nesnáším sex ve kterém je holka jak dřevo.. je to trapný a jednou když jsem měl takhle holku tak to bylo na nic 2,5hodiny jsem jí šukal a stejně jsem se neudělal i když to byla docela velká kočka.. a když jsem měl holku co si to užívala tahala mě za bradavky, mačkala koule abych se hned neudělal apod. tak jsem vydržel půl hodiny a pak jsem stříkal jak sopka.. MILUJU DOMINANTÍ ŽENY ^^ <3 ..', 1, 1, 1, '2014-02-16 19:34:29', '2014-03-21 17:20:00', '2014-03-21 17:20:00', 4, 4, 0, 0, 0, 14),
	(20132, 'FootJob ! Lepší věc sem nikdy nezažil ', 1, 1, 1, '2014-02-16 20:09:16', '2014-03-21 11:20:00', '2014-03-21 11:20:00', 3, 4, 0, 0, 0, 89),
	(20133, 'Chci kluka který se na první pohled zdá plachý ale když by se mnou chodil tak by jsme se milovali klidně několikrát za den.', 1, 1, 0, '2014-02-16 21:39:26', '2014-03-21 11:40:00', '2014-03-21 11:40:00', 6, 4, 0, 0, 0, 89),
	(20134, 'Vždycky jsem si říkala, že taková ti kluci,co jsou v posteli sobci,jsou jen namachrovaní machýrci. Taky jsem nikdy takovýho nepotkala, ani když to bylo "jen na jednu noc".\r\nPak jsem ale zjistila, že s takovým vlastně chodím....\r\nJá se vždycky snažím, aby byl,a on taky vždycky je. Já mu skoro pokaždý co spolu spíme kouřím, rukou je to samozřejmý. Já jsme zase ráda, když mě vůbec chvilku prstí. A ještě to ani neumí. Jsme spolu asi 2 měsíce, ale ještě mě nikdy neudělal. Mám pocit, že je mu to uplně jedno..', 1, 1, 1, '2014-02-16 21:49:44', '2014-03-21 17:40:00', '2014-03-21 17:40:00', 5, 6, 0, 0, 0, 14),
	(20135, 'Tohle mení přiznání ale spíš vzkaz. M, je mi jedno že jsi zadanej ale ještě si něco dlužíme(něco nedodělanýho). Doufám, že ti to dojde--*napiš*-- ', 1, 1, 0, '2014-02-16 22:34:53', '2014-03-21 12:00:00', '2014-03-21 16:54:59', 11, 5, 1, 0, 0, 89),
	(20136, 'Muj ex přítel mě znásilnil,protože jsem se s ním nechtěla vyspat.Bylo mi 14 let.Byl to hrozný zážitek a hrozně dlouho jsem se z toho nemohla dostat.Je to rok a půl zpět a do ted mi vadí,když se mě kluk jen dotkne na zádech.Kluci se mi znechutili a mám s tím opravdu problém.Ted jsem si našla přítele,díky kterému jsem našla vášeň a chut k sexu.Spíme spolu z lásky a často.Zajímal by mě vás názor.', 1, 1, 1, '2014-02-16 22:44:07', '2014-03-21 18:00:00', '2014-03-21 18:00:00', 5, 5, 0, 0, 0, 14),
	(20137, 'Mám potřebu rozesílat svoje nahý fotky :3', 1, 1, 1, '2014-02-16 23:07:59', '2014-03-21 12:20:00', '2014-03-23 00:54:09', 11, 10, 0, 1, 0, 89),
	(20138, 'Jednou jsem prisla domu a u me na posteli lezela naha Megan Fox. O tevrela jsem pusu a chtela neco rict ale ona me jen zatahla na postel a zacala slikat. Rozdavaly sme si to asi 3 hodiny, nevedela jsem, ze lesbicky sex je takova zabava :33 vylizala mi moji kocicku uplne dosucha, olizovala mi bradavky a daly jsme 69, no proste pecka.', 1, 1, 0, '2014-02-16 23:10:45', '2014-03-21 13:00:00', '2014-03-21 13:00:00', 6, 12, 0, 0, 0, 89),
	(20139, 'Rada si predstavuji jak mne nekdo lìže :-)', 1, 1, 0, '2014-02-16 23:31:47', '2014-03-21 12:40:00', '2014-03-21 12:40:00', 9, 9, 0, 0, 0, 89),
	(20140, 'rad si oblekam damske spodni pradlo a sem kluk a hetero', 1, 1, 1, '2014-02-17 00:15:39', '2014-03-21 13:20:00', '2014-03-21 13:20:00', 8, 7, 0, 0, 0, 89),
	(20141, 'S přítelem praktikujeme anální sex, ne nějak pravidelně ale sem tam pro zpestření. Upřímně si myslím, že pokud jeden druhému důvěřuje a partneři na sebe berou ohledy, není důvod se k němu vyjadřovat jako k hnusu, špíně, nechutnosti apod. Zkrátka - kdo neumí ten blbě žvaní a pouze závidí ;)', 1, 1, 0, '2014-02-17 02:44:02', '2014-03-21 13:40:00', '2014-03-21 13:40:00', 6, 5, 0, 0, 0, 89),
	(20142, 'Nejsem v posteli špatný, ale když si při tom pustím Edguy, Avantasiu nebo Stratovarius, tak teprve tehdy je to jízda. Strašně mě to dá energii.', 1, 1, 1, '2014-02-17 04:04:04', '2014-03-21 14:00:00', '2014-03-21 14:00:00', 4, 3, 0, 0, 0, 89),
	(20143, 'Za žádnou cenu se mi nedaří pohltit partnerův penis, dostanu se tak do poloviny, jinak se dostaví dávicí reflex. Docela mě to trápí a nevim co s tim.', 1, 1, 0, '2014-02-17 07:55:31', '2014-03-21 14:20:00', '2014-03-21 14:20:00', 5, 3, 0, 0, 0, 89),
	(20144, 'Stejnak je nejlepší mít na to takovýho toho kamaráda "s výhodama" :)))', 1, 1, 1, '2014-02-17 08:17:16', '2014-03-21 14:40:00', '2014-03-21 14:40:00', 9, 8, 0, 0, 0, 89),
	(20145, 'Byla jsem bnapálena publicagentem.. Nabízel mi 20tisíc za sex. Nestidím se za to že jsem někomu dala za prachy.', 1, 1, 1, '2014-02-17 08:21:21', '2014-03-21 15:00:00', '2014-03-21 15:00:00', 10, 6, 0, 0, 0, 89),
	(20146, 'Dokážu si s klukem představit budoucnost, než se udělám. Pomožte mi!', 1, 1, 0, '2014-02-17 10:36:47', '2014-03-21 18:20:00', '2014-03-21 18:20:00', 7, 7, 0, 0, 0, 14),
	(20147, 'Po ceste vlakem do skoly se mi v kalhotech postavil. Bohuzel sem si vsiml, ze to zahledla blond slecna sedici kousek ode me, nevedel jsem jak reagovat, ale toho dole neslo zkrotit, proste se tam vzpiral. Timto se ji zaroven omlouvam, priroda je nevyspitatelna.', 1, 1, 1, '2014-02-17 10:47:57', '2014-03-21 15:20:00', '2014-03-21 15:20:00', 8, 7, 0, 0, 0, 89),
	(20148, 'Nedávno jsem se od svých spolužáků dozvěděla, že prý dospělí nepotřebujou sex, za to 15-letý puberťáci jo. A prej údajně si sex nejvíc užijete okolo 15-ti a je to nejlepší. Je mi 16, chodim rok s klukem a nepřijde mi, že bych už s nim měla spát, když se podivám na to, kolik mi je. Nechápu vás všechny, co si myslíte, jak hrozně rozumíte sexu, když si ho beztak nejlíp užijete okolo 30-40. Taky mi přijde, že s vašima názorama to dopadne tak, že v 15-ti začnete se sexem a k maturitě přijde polovina lidí s kočárkem. Opravdu děs tenhle svět. A ty vaše kecy typu ,,Už jsem to 3 tejdny nedělala". Nechápu vás a nechápu výchovu vašich rodičů. -_-', 1, 1, 1, '2014-02-17 10:51:19', '2014-03-21 18:40:00', '2014-03-21 18:40:00', 6, 5, 0, 0, 0, 14),
	(20149, 'Sere mě že moje přítelkyně mi ho nechce vykouřit. Uplně nehorázným způsobem. Náš sex začíná předehrou já ji vylížu a ona mě maximálně vyhoní. Uvažuji o rozchodu nebo najít si nějakou jinou holku na vykouření samozdřejmě že má stavajicí přítelkyně by o té "kurvičce" na vykouření by věděla.', 1, 1, 1, '2014-02-17 11:21:58', '2014-03-21 15:40:00', '2014-03-21 15:40:00', 7, 8, 0, 0, 0, 89),
	(20150, 'Zdravim :) mi priznani je spise polo o sexu :)Spise se mi libi kdyz holka ma pri sexu lodicky a nebo neco na podpadku :) je to dost sexy a vzrusujici a rajcovni :) takova ma uchylka kazdej mame nakou a ja mam tuhle :)', 1, 1, 1, '2014-02-17 13:00:50', '2014-03-21 20:00:00', '2014-04-03 17:07:29', 18, 13, 2, 0, 0, 89),
	(20151, 'Miluju sex,miluju kdyz me suka jak devku,miluju kdyz mi ho tam poradne zarazi! Mam uzasnyho kluka,dokonalej sex,miluju ho.Co vic si prat v 16.', 1, 1, 0, '2014-02-17 14:22:13', '2014-03-21 16:00:00', '2014-03-21 16:00:00', 7, 7, 0, 0, 0, 89),
	(20152, 'Ahoj, hledam kluka co se mnou byl nekdy v zari v Decine v Klubu, vystupoval paulie garand. pozval me na piti ale odmitla jsem. jsem bruneta. kdyztak napis do komentari, rada bych se zase sesla.:-) ', 1, 1, 1, '2014-02-17 14:43:45', '2014-03-21 20:20:00', '2014-03-21 20:20:00', 7, 6, 0, 0, 0, 89),
	(20153, 'Ja ho mam taky 13,5 cm dlouhy, ovsem 5,5 cm siroky. Nikdy si zadna holka nestezovala ze by byl maly. Skoro kazda se udelala bez problemu. Nestidim se za to a myslim ze podobnou velikost ma vetsina muzu ze holky??', 1, 1, 0, '2014-02-17 16:53:39', '2014-03-21 20:40:00', '2014-03-21 20:40:00', 7, 8, 0, 0, 0, 89),
	(20155, 'Vždycky když jsem tady četla o análu, bylo tu jak to hrozně bolí atd, a hrozně jsem se toho bála. Když jsem to poprvé zkoušela, vůbec mě to nebolelo a bylo to skvělý. Dlouho jsem to zbytečně odmítala, holky, nevěřte všemu co se tu píše!!', 1, 1, 1, '2014-02-17 17:46:20', '2014-03-21 16:20:00', '2014-03-21 16:20:00', 4, 5, 0, 0, 0, 89),
	(20156, 'strašně mě láká představa, že si tos nějakým týpkem rozdám připoutaná k posteli nebo někde venku, kde nás může někdo přistihnout. Bohužel jsem neměla ještě stěstí na partnera, krerému by tyhle podmínky vyhovovaly.. :(', 1, 1, 1, '2014-02-17 18:06:18', '2014-03-21 16:40:00', '2014-03-21 16:40:00', 8, 6, 0, 0, 0, 89),
	(20157, 'Chodila jsem s klukem, veliká laska, strhující jako povodeň, pro oba... Bohužel mou chybou to on skoncil a ne, nebyla to nevěra, ale hloupá lež. Je to už 2roky a já z toho pořád nejsem venku :( mame už oba nové partnery, ale pořád spolu spíme, nic k chlubeni, vim. Zajímá me názor, já to dělám, protože bych ho chtěla zpátky a prostě o nej nemůžu přijít úplně... Ale proč to dělá on? Jen sex? Jsou v tom pořád city? Nechápu... Ale mluvit o tom nechce.', 1, 1, 1, '2014-02-17 18:24:13', '2014-03-21 21:20:00', '2014-03-21 21:20:00', 5, 4, 0, 0, 0, 89),
	(20158, 'bojím se kouřit klukovi.', 1, 1, 0, '2014-02-17 19:46:17', '2014-03-21 21:00:00', '2014-03-21 21:00:00', 5, 4, 0, 0, 0, 89),
	(20159, 'O prázdninách jsme se s kamarádem dívali u nás doma na horor (opravdu strašidelnej ) .. uprostřed hororu jsme se jednoduše začali líbat ( horor jel dál, nikdo to neřešil ) tak jsme se spolu vyspali, a to oba máme partnery ( měli tehdy a máme pořád ) ..\r\nPořád na to musím myslet, bylo to ode mě hnusné, s kamarádem jsme si fantasticky rozuměli a potom jsme se přestali bavit, lituju toho. poraďte co mám dělat , a názor.\r\npříteli jsem nic neřekla', 1, 1, 1, '2014-02-17 20:01:41', '2014-03-21 21:40:00', '2014-03-21 21:40:00', 5, 6, 0, 0, 0, 89),
	(20160, 'Jak holky reagují na fimózu? ', 1, 1, 0, '2014-02-17 22:15:50', '2014-03-21 22:00:00', '2014-03-21 22:00:00', 5, 5, 0, 0, 0, 89),
	(20161, 'Mám footfetish :-((', 1, 1, 0, '2014-02-17 22:57:28', '2014-03-21 22:20:00', '2014-03-21 22:20:00', 4, 5, 0, 0, 0, 89),
	(20162, 'Moje přiznání o sexu je, že jsem sex neměl.. je mi 20 a jsem muž.A proč? Protože mně holky nechtějí, nebo jsou zadaný tak mně taky nechtějí. xD', 4, 0, 0, '2014-02-18 03:49:06', '2014-03-18 23:48:39', '2014-03-18 23:48:39', 0, 0, 0, 0, 0, 89),
	(20163, 'Nikdy bych nevěřil že 25-ti letej kluk co měl v postely přes 2 desítky holek  může z ničeho nic skočit na svého teplýho kamaráda :-( .Stalo se mi to minulý víkend.Moje přítelkyně(půl roku)byla o víkendu v práci a já s partou známých vyrazil na párty.Nějak sem přebral a Mirek se nabídl že mě odvede domů.Proč ne.Nikdy nic nezkusil,znám ho dlouho..Když sme přišly k bytu nabídl sem mu kávu,tak šel.Když si sundal bundu ze zadu sem mu sáhl do rozkroku a mu okamžitě stoupnul.Řekl sem promiň a on že se nic neděje že je to normální.Začal sem mu ho honit a líbat se s ním.Tolik se mi tp líbilo že se scházíme pravidelně když sem doma sám.Mám opustit jeho a zůstat s holkou,nebo pokračovat v dobrodružství?Sem zmatenej a potřebuju radu prosím.', 1, 1, 1, '2014-02-18 08:06:15', '2014-03-21 23:20:00', '2014-03-21 23:20:00', 9, 9, 0, 0, 0, 89),
	(20164, 'Udělal jsem se ze záchodu bylo to super (y)', 1, 1, 0, '2014-02-18 09:56:44', '2014-03-21 23:40:00', '2014-03-21 23:40:00', 7, 6, 0, 0, 0, 89),
	(20165, 'ženy by mali dbať viac na hygienu ich vagín..je to strašne keď sa človek teší ako niekoho vyjebe a odradí ho ten strašny smrad', 1, 1, 0, '2014-02-18 12:18:45', '2014-03-22 00:00:00', '2014-03-22 01:39:13', 7, 9, 0, 1, 0, 89),
	(20166, 'Asi před půl rokem jsem se s kamarádkou a kamarády vydali na chatu.Dojeli jsme kolem třetí odpoledne a my kluci jsme snášeli dřevo z lesa na večerní oheň   holky zatím  chystali pozdní oběd.Holky uvařili najedli jsme se a byli v chatě a hráli jsme člověče napí se no ta moje kamarádka prohrávala tak jsem si řekl že se přidám :-D.Hru jsme ukončili kolem půl sedmé večer a šli jsme rozdělat Oheň. u ohně jsme popíjeli až se mojí kamarádce udělalo blbě šel jsem sní do chaty a tam už jí bylo líp. sedli jsme si na postel a kecali spolu jaké mám zážitky s holkama a ona s klukama. mno přišli jsme na to že toho mám hodně společného. pak jsme šli k ohni kamarádi už nás hledali samozřejmě :-D tak jsem sedli popíjeli popíjeli a pak kámoši šli spát my jsme u ohně zůstali chvíli jsme se provokovali a potom jsem jí dal pusu. líbali jsme se asi 15 minut a ona mi šáhla do trenek tak jsem se rozhodl že jí šáhnu do kalhotek začal jsem jí prstit a ona mi honit řeknu vám luxus :-). pak jsme si to rozdali a potom znova v chatě. od té doby spolu chodíme :-) blbé kecy si nechte od cesty :-P (např. no tak teď asi už ne atd...) Miluju tě zlato :-* <3', 1, 1, 1, '2014-02-18 13:32:58', '2014-03-22 00:20:00', '2014-03-23 18:31:55', 11, 8, 1, 0, 0, 89),
	(20167, 'jsou tu nejake nadrzene kočky z palačaku (Brno) ???', 1, 1, 0, '2014-02-18 15:18:54', '2014-03-22 00:40:00', '2014-03-22 00:40:00', 5, 5, 0, 0, 0, 89),
	(20168, '\r\nNeskutečně mě vzrušují postavy Draego z Game of Thrones a Ragnar z Vikings - miluju jejich svaly a krev na hrudniku. Ach boze ! Proč nemůžou být takový chlapi? Jediný můj kamarád Dominik Kolinger je mu podobný a okamžitě bych se od něj nechala ztrestat! 18.2.2014\r\n', 1, 1, 0, '2014-02-18 15:38:29', '2014-03-22 01:00:00', '2014-03-22 01:00:00', 6, 6, 0, 0, 0, 89),
	(20169, 'Včera jsem šukala ze svým přítelem 4x!! Bylo to něco užasnýho! :) .. jsme spolu teprve měsic,ale sex sním je zatím nejlepší co jsem měla.. doporučuji si najít přítele o kolo 23-25 holky!! :-*', 1, 1, 1, '2014-02-18 16:11:23', '2014-03-22 02:00:00', '2014-03-23 16:14:16', 6, 9, 1, 0, 0, 89),
	(20171, 'Mám kámoše, kterej měl holku. Měl asi 14 cm a jeho přítelkyně si pořád stěžovala, že ho má malýho atd. Protože mám 19,5, tak mě kámoš poprosil, abych se sní vyspal (po tom, co se rozešli). Holka souhlasila a řikala mi, že to má ráda,když je spoutaná. Tak jsem jí přivázal ruce i nohy k posteli, aby se nemohla hejbat. Narval jsem jí ho tak, jak jen to šlo a začal. Celou dobu řvala, ať toho nechám, že to strašně bolí, ale já nepřestával. Chtěla to, chtěla. Vydržel jsem fakt dlouho. Potom jsem jí odpoutal od postele a jen nechal ruce a nohy svázaný, přitiskl jí ke zdi a strčil jí ho do krku. Nemohla nic dělat a já jen pořádně jezdil dovnitř a ven dokud neměla plnej krk a pusu spermatu. Pak jsem jí znova vojel. Já si to užil maximálně, ona po týhle zkušenosti den co den volala kámošovi, že se omlouvá, že ho chce zpět.. ', 1, 1, 1, '2014-02-18 17:38:54', '2014-03-22 05:00:00', '2014-03-22 05:00:00', 5, 5, 0, 0, 0, 89),
	(20172, 'ehm :D když sem někdo napíše přes jeho fb tak vy víte kdo to posílal asi co? :D', 1, 1, 0, '2014-02-18 17:46:43', '2014-03-22 07:00:00', '2014-03-22 07:00:00', 6, 7, 0, 0, 0, 89),
	(20173, 'Nejlepší sex, kterej jsem zažila byl ten dnešní.... S přítelem jsme seděli na křesle (já na něm) a koukali na hokej... Dosali jsme na to chuť a oba jsme se udělali když dal Červenka gol. Miluju ho :3', 1, 1, 1, '2014-02-18 18:34:40', '2014-03-22 07:20:00', '2014-03-22 07:20:00', 9, 7, 0, 0, 0, 89),
	(20174, 'Vykouřil jsem péro svýmu nejlepšímu kámošovi i když mam holku. Udělal se mi do pusy a ja to spolkl.Bylo to celý ujetý ale na druhou stranu se v živote ma vše vyzkoušet. Byla to první věc s klukem a nikdy vickrat bych to uz neudělal a už vůbec nic víc. Komentáře o buzerantech ap. si nechte, neznáte me tak nemůžete soudit.', 1, 1, 1, '2014-02-18 19:42:20', '2014-03-22 07:40:00', '2014-03-22 07:40:00', 11, 11, 0, 0, 0, 89),
	(20175, 'Miluju, když mě přitel pěkne tvrdě šuká. Miluju, když mi da ruku pod krk a flusne mi do obliceje. to samy delam ja mu.. Nebo kdyz se mi snazi tam protlacit celou ruku. Mlati me do krve pres zadek. Cpe mi ho do krku i s koulema a nakonec me pochcije... Tenhle sex  miluju', 1, 1, 1, '2014-02-18 20:16:35', '2014-03-22 08:00:00', '2014-03-22 08:00:00', 9, 10, 0, 0, 0, 89),
	(20176, 'měla jsem v posteli 15 kluku nad 20 let  a je mi 16. Bavim se sexem;) a pojdte do me moralisti... Jako děvka se necítím .. beru to jako hru.. :) ', 1, 1, 0, '2014-02-18 20:18:59', '2014-03-22 08:40:00', '2014-03-22 08:40:00', 11, 10, 0, 0, 0, 89),
	(20177, 'Je mi 15(kluk), jsem na střední, mám ve třídě kluky, kteří si ze mně dělají srandu, protože si myslí, že jsem teplej, je ale vtipný, že když jdeme na nějakou akci ( většinou nějakej klub) tak oni berou svý holky, a sami se tam ožerou a minimálně jednou za celej večer jdu jednou s jejich holek na zachodky :)ani jeden na to ještě nepřišel - v klubu jsme byli asi 5krát :)) Je pak vtipný, když se mi smějou, jak jsem teplej atd. - vždycky se jim pak totálně směju do obličeje a oni nechápou :) a nejlepší je, když machrujou, jak už tolikrát měli sex s tou holkou a bylo to úžasný, kouřila mu atd :) no, a já se jich zeptám a zjistím, že to s nima ještě neměli :)) je to pak ty historky poslouchat celkem sranda, když víš pravdu :) ', 1, 1, 1, '2014-02-18 22:23:45', '2014-03-22 09:00:00', '2014-03-22 09:00:00', 10, 7, 0, 0, 0, 89),
	(20178, 'Našel jsem náhodou lehtivé fotky přítelkyně kamaráda a je to velice zvláštní pocit se na ní koukát a vědět jak vypadá nahá či v prádelku...až nškdy trochu vzrušující..', 1, 1, 0, '2014-02-19 00:06:54', '2014-03-22 09:20:00', '2014-03-22 09:20:00', 7, 8, 0, 0, 0, 89),
	(20179, 'Mám kluka, miluju ho. Ale často přemýšlím,že ho opustím.', 1, 1, 0, '2014-02-19 00:12:47', '2014-03-22 09:40:00', '2014-03-22 09:40:00', 10, 12, 0, 0, 0, 89),
	(20180, 'Nesnáším orální sex!Ne ale v tom smyslu, že bych ho nerada dopřávala příteli (to naopak zbožňuju, protože-každá holka potvrdí, že pocit "dobře odvedené práce" je nenahraditelný!A vidět svého milovaného na vrcholku slasti s vědomím, že je to způsobeno vámi, je snad ještě lepší).Já naopak nesnáším, když to někdo dělá mě..Vím že budete říkat, že mi to jen uřčitě nikdy nikdo dobře neudělal, ale to není pravda.Jeden mi to udělal tak dobře, že na to v životě nezapomenu.Nejde tedy o to, že by se mi to nelíbilo, ale když si uvědomím, co právě ten kluk podstupuje, příjde mi to jako takový děs, že ho radši čapnu za vlasy, vytáhnu nahoru a pěkně si to s ním rozdám :3. To je stejně nejlepší :).', 1, 1, 1, '2014-02-19 00:21:10', '2014-03-22 10:00:00', '2014-03-22 10:00:00', 12, 11, 0, 0, 0, 89),
	(20181, 'Chci si dát trojku s přítelem a jeho spolužákem!Jsem ochotná na opládku jít do toho i s holkou, ale přítel odmítá :( ..', 1, 1, 0, '2014-02-19 00:59:47', '2014-03-22 10:20:00', '2014-03-22 10:20:00', 15, 12, 0, 0, 0, 89),
	(20182, 'Nikdy se mi mou holku nepodarilo udelat u sexu, vzdycky rika, ze se ji to libi, ale chtel bych ji udelat. Rukou neni problem, to je behem chvilky. ', 1, 1, 0, '2014-02-19 08:36:30', '2014-03-22 10:40:00', '2014-03-22 10:40:00', 12, 11, 0, 0, 0, 89),
	(20183, 'Tak trochu jinak.... :)\r\n3 roky čekání, žití v nadēji, že z nejlepší kamarádky bude něco víc. Sympatie na obou stranách, z mé strany postupem času větší citová vazba, která postoupila v zamilovanost (ona nic nevěděla, zakládala si na krásném přátelství o které nechtěla přijít) Čas byl ale velká svině, scházet se a hodiny si povídat mi už nestačilo, videt ji s jinym klukem bylo srdcetrhající (zároveň jsem ji chtěl vidět šťastnou) udržet se a nic ji neříct, už nešlo,  jelikož mi v hlavě začala kolovat myšlenka buď všechno, nebo nic. Zkrátka už to nešlo vydržet, když jsem byl s jinou myslel jsem na kamarádku,  vrchol byl, když jsem pri sexu dotyčnou oslovil jmenem sve kamarádky....to uz bylo k zamyšlení.. Kamaradce jsem pak vse řekl,  no, necekala to,  byla dost v šoku, samozrejme jsem o ni prijit nechtěl a zkousel se smirit s kamaradstvim,, asi tak 3 měsíce jsem to zvladal a krotil emoce (deprese a pláč,  velmi častá záležitost) Ale pak se to pomalu otáčelo v dobré. Dnes jsme spolu, uzivame si hezke chvile, mame se velmi rádi, rozumíme si, verime si, tolerujeme se a citime se spolu oba stastne :) Tim chci napsat, kdo si pocka a opravdu miluje a nechová se jak debilek, tak se i dočká... Dotycna slecna si to urcite precte a pozna me, tak vzkaz pro Tebe :) Miluju Tě a vždy budu Kočičko :)\r\nPS: nejsem zadnej puberťák ;)\r\nTak a ted do me, jelikož to neni o sexu :D tesim se na ubohý komentáře těch neandrtalcu, kteří se tu chlubí jak maji kazdou a jsou nej ;) :D', 1, 1, 1, '2014-02-19 09:11:16', '2014-03-22 11:00:00', '2014-03-22 11:00:00', 16, 15, 1, 0, 0, 89),
	(20184, 'Jsem už rok bez přítele a při pomyšlení na sex mám chuť spát s prvnim chlapem, kterého potkám. Zavolej : 723 451 131', 2, 0, 0, '2014-02-19 10:10:27', NULL, NULL, 0, 0, 0, 0, 0, NULL),
	(20186, 'miluju kdyz me muj pes lize...\r\n Je to uzasny!!', 1, 1, 1, '2014-02-19 12:23:08', '2014-03-22 11:20:00', '2014-03-22 11:20:00', 13, 19, 0, 0, 0, 89),
	(20188, 'Co je tak atraktivní na podvádění? ', 1, 1, 1, '2014-02-19 12:46:21', '2014-03-22 11:40:00', '2014-03-22 11:40:00', 15, 13, 0, 0, 0, 89),
	(20189, '\r\n \r\nTak trochu jinak.... :) 3 roky čekání, žití v nadēji, že z nejlepší kamarádky bude něco víc. Sympatie na obou stranách, z mé strany postupem času větší citová vazba, která postoupila v zamilovanost (ona nic nevěděla, zakládala si na krásném přátelství o které nechtěla přijít) Čas byl ale velká svině, scházet se a hodiny si povídat mi už nestačilo, videt ji s jinym klukem bylo srdcetrhající (zároveň jsem ji chtěl vidět šťastnou) udržet se a nic ji neříct, už nešlo, jelikož mi v hlavě začala kolovat myšlenka buď všechno, nebo nic. Zkrátka už to nešlo vydržet, když jsem byl s jinou myslel jsem na kamarádku, vrchol byl, když jsem pri sexu dotyčnou oslovil jmenem sve kamarádky....to uz bylo k zamyšlení.. Kamaradce jsem pak vse řekl, no, necekala to, byla dost v šoku, samozrejme jsem o ni prijit nechtěl a zkousel se smirit s kamaradstvim,, asi tak 3 měsíce jsem to zvladal a krotil emoce (deprese a pláč, velmi častá záležitost) Ale pak se to pomalu otáčelo v dobré. Dnes jsme spolu, uzivame si hezke chvile, mame se velmi rádi, rozumíme si, verime si, tolerujeme se a citime se spolu oba stastne :) Tim chci napsat, kdo si pocka a opravdu miluje a nechová se jak debilek, tak se i dočká... Dotycna slecna si to urcite precte a pozna me, tak vzkaz pro Tebe :) Miluju Tě a vždy budu Kočičko :) PS: nejsem zadnej puberťák ;) Tak a ted do me, jelikož to neni o sexu :D tesim se na ubohý komentáře těch neandrtalcu, kteří se tu chlubí jak maji kazdou a jsou nej ;) :D', 4, 0, 0, '2014-02-19 13:27:25', '2014-03-21 21:16:52', '2014-03-21 21:16:52', 0, 0, 0, 0, 0, 89),
	(20190, 'Jednou jsme se domluvili s kamarády že půjdeme pít ke kamarádovy do baráku : TAk jsme šli (6 kluků) začali jsme chlastat pak hulit a potom došli 3 holky které jsme vzápětí vykopaly (byl jsem přepitej tak si to moc nepamatuji ) a pak jsem usnul . V nějaké 3 hodiny ráno mě probudí kámoš že tu je spolužačka upně naha tak jsem si k lehl do poste kde byl další dva spolužáci skoro vyslečení a ona s nima chtěla šukat ale oni ji nechtěli jelikož měli svoje holky tak jsem ji tam šukal já uprostřed postele a oni vedle mě . Skuste to někdy ty komenty od nejlepších kámošu při sexu :D ... ', 1, 1, 1, '2014-02-19 17:03:50', '2014-03-22 12:00:00', '2014-03-22 12:00:00', 12, 15, 0, 0, 0, 89),
	(20191, 'udělal jsem se záchoda- Horníček', 2, 0, 0, '2014-02-19 17:06:30', NULL, NULL, 0, 0, 0, 0, 0, NULL),
	(20192, 'mám 18 let, spoustu kamarádů, chodím do fitka, mám auto, myslím že nejsem žádná obluda a ani nějaký blbec, protože chci jít na vš. na diskotéky chodím od 15 let, ale stále jsem neměl sex. chci to ale pouze s mou vyvolenou. měl jsem více vztahů, ale všechny trvaly jen krátce. tím chci říct že ještě existují slušní kluci kteří čekají na slušné holky :)', 1, 1, 1, '2014-02-19 17:45:30', '2014-03-22 12:20:00', '2014-04-21 22:53:39', 32, 17, 5, 1, 0, 89),
	(20193, 'Jím hodně jogurtů..a to z jednoho důvodu , abych měl ještě hustší sperma..... sice hustota moje je dobrá ale já chci ještě víc.. Miluju pak ten pohled na pěkne zcakanym obličejíkem nějaká holky:-)))', 1, 1, 0, '2014-02-19 18:02:53', '2014-03-22 12:40:00', '2014-03-22 12:40:00', 12, 14, 0, 0, 0, 89),
	(20194, 'Bude mi 17 a jsem panic :-D :-(', 4, 0, 0, '2014-02-19 18:12:22', '2014-03-21 21:19:43', '2014-03-21 21:19:43', 0, 0, 0, 0, 0, 89),
	(20195, 'Vyprstil jsem přítelkyni v parku před kostelem.', 1, 1, 1, '2014-02-19 19:18:28', '2014-03-22 13:00:00', '2014-03-22 13:00:00', 11, 13, 0, 0, 0, 89),
	(20196, 'Když přišel ten den, kdy jsme si to s přítelem po dvou letech poprvé rozdali, promrdali jsme celej den a celou noc. Jeli jsme pěkně piánko podle kamasutry, sotva jsme potom šmatlali ;):D\r\n', 1, 1, 1, '2014-02-19 19:47:11', '2014-03-22 13:20:00', '2014-03-22 13:20:00', 14, 14, 0, 0, 0, 89),
	(20197, 'je mi 65 a jsem panic', 4, 0, 0, '2014-02-19 20:05:13', '2014-03-21 21:20:09', '2014-03-21 21:20:09', 0, 0, 0, 0, 0, 89),
	(20198, 'iluju, když je moje drahá polovička tak nadržená, až ji z toho druhej den bolí celý spodek', 1, 1, 0, '2014-02-19 20:29:58', '2014-03-22 13:40:00', '2014-03-22 18:09:20', 13, 12, 1, 0, 0, 89),
	(20199, 'Poslední dobou mívám hroznou chuť přítele prostě jen tak pevně přirazit ke zdi a pořádně mu vykouřit... Jaká škoda že je přes týden na intru :P :*', 1, 1, 1, '2014-02-19 21:16:15', '2014-03-22 14:00:00', '2014-03-22 14:00:00', 12, 12, 0, 0, 0, 89),
	(20200, 'Měla jsem 30 orgasmů za 24 hodin, samozřejmě jsem během té doby alespoň 10 hodin spala, vařila, atd... Mám šikovného přítele, že? 3:)', 4, 0, 0, '2014-02-19 21:43:47', '2014-03-21 21:21:07', '2014-03-21 21:21:07', 0, 0, 0, 0, 0, 89),
	(20201, 'Můj první orální sex byl s tou nejtlustší a nejhnusnější holkou co jsem poznal. Ale tak co, dělala to jen ona mě, já pro to ani nehnul prstem.', 1, 1, 0, '2014-02-19 22:06:18', '2014-03-22 14:20:00', '2014-03-22 14:20:00', 11, 13, 0, 0, 0, 89),
	(20202, 'Naučil jsem se udělat a při tom zadržet vystříknutí. Občas to tak dělám když nemám po ruce při honění kapesníky, ale pak ta vlna když to odšpuntuju je velká :D', 1, 1, 1, '2014-02-19 22:11:19', '2014-03-22 14:40:00', '2014-03-22 14:40:00', 10, 11, 0, 0, 0, 89),
	(20203, 'jaj nevim ani jak to rict chlapy me chtej ale kdyz mam delsi vztah tak spis mi chybi ten kazdodeni sex ja proste musim furt ,,,,,i v praci na zachode ...jenze ty chlapy to vetsinou neustojej a nemuzou .......a to ted momentalne mam i o 4 roky mladsiho chlapa a je mi 25,,,asi me zadnej neuspokoji abych s nim dyl vydrzela....', 1, 1, 0, '2014-02-19 22:32:17', '2014-03-22 15:00:00', '2014-03-22 15:00:00', 10, 11, 0, 0, 0, 89),
	(20204, 'chci šukat s pornoherečkou a pořádně si to užít!!!', 1, 1, 0, '2014-02-20 00:26:10', '2014-03-22 15:20:00', '2014-03-22 15:20:00', 11, 10, 0, 0, 0, 89),
	(20205, 'S přítelkyní jsme měli docela špatný období, a za všechno vlastně tak mohla moje rodina a brácha. Po nějaké době jsme se chtěli usmířit, a jak jinak než sexem. A zároveň jsme se chtěli pomstít mému bráchovi, nejlepší na tom bylo, že odjeli někam na oslavu a já ani ona jsme se nějakou dobu neholili, začalo to holením na jeho posteli, drážděním a pak jsme na to vletěli. Byl to asi nejlepší sex za celý náš vztah, a abych pravdu řekl nechali jsme mu tam jeden bílý dáreček. Možná ten jeden s hnědým prostěradlem bude asi vědět o koho jde... Jen jsem mu tímto chtěl vzkázat, mojí přítelkyni nikdy neobviňuj z něčeho o čem si nejsi jistý, že to provedla! ', 1, 1, 0, '2014-02-20 01:20:00', '2014-03-23 15:20:00', '2014-03-23 15:20:00', 4, 4, 0, 0, 0, 1),
	(20206, 'S přítelem jsme si to rozdávali u hokeje. ', 1, 1, 0, '2014-02-20 09:24:00', '2014-03-22 15:40:00', '2014-03-22 15:40:00', 15, 11, 0, 0, 0, 89),
	(20207, 'Je mi 21 a chci nějakou 13-14ku. Ano, připadám si jako pedofil. Ne nejsem panic, ani ošklivý ;)', 4, 0, 0, '2014-02-20 10:01:01', '2014-03-23 16:15:57', '2014-03-23 16:15:57', 0, 0, 0, 0, 0, 16),
	(20208, 'je mi 15 let jednou jsem šel do kabinetu za mojí učitelkou do kabinetu odevzdat úkol zrovna si to dělala na stole lekl jsem se a chtěl sem odejít ona mi řekla at se zastavím já se otočil šel jsem k ní dala mi ruku do klína a mě hned stál bylo to něco neuvěřitelného byl to můj první kontakt s ženou začla mě kouřit po chvíli poznala že co nevidět se udělám přestala a ohnula se přes stůl a řekla at jí ošukám jak nikdo začal jsem trvalo to asi 2 minuty a byl jsem dva dny potom dala výpověd a už sem jí nikdy neviděl ted je mi 18 a byla to moje nejleepší zkušenost a ted klátím jak drak', 1, 1, 0, '2014-02-20 10:17:09', '2014-03-23 17:20:00', '2014-03-23 17:20:00', 5, 6, 0, 0, 0, 16),
	(20209, 'kolik z vás si při sexu sundavá ponožky já teda ne ! :D', 1, 1, 0, '2014-02-20 10:36:57', '2014-03-23 17:40:00', '2014-03-23 17:40:00', 9, 6, 0, 0, 0, 16),
	(20210, 'Mel jsem nekolik holek ale jedna me dokazala tak vzrusovat ze i po hodinovym sexu a studeny sprše mi jeste pul hodiny stal a to uz jsme jen lezeli a koukali na telku.(skoda ze uz nemohla)...no a ted jsem nezadanej :( ', 1, 1, 0, '2014-02-20 10:50:41', '2014-03-23 18:00:00', '2014-03-23 18:00:00', 5, 6, 0, 0, 0, 16),
	(20211, 'kolik zvás si při sexu sundavá ponožky já teda ne ! :D', 2, 0, 0, '2014-02-20 11:02:22', NULL, '2014-02-20 11:02:49', 0, 0, 1, 0, 0, NULL),
	(20212, 'Mám přítele 2 roky. Byl to můj první sexuální partner. Nejsem jako ostatní a nespim s každým klukem kterého potkám a můj přítel mi stále rika jak sem úžasná a ze nikoho jineho nechce miluju ho!', 1, 1, 0, '2014-02-20 11:59:51', '2014-03-23 18:20:00', '2014-03-23 18:20:00', 4, 5, 0, 0, 0, 16),
	(20213, 'Mám přítele, se kterým budu brzo 5 měsíců. Je strasne hodny, mili, v sexu skveli, jenže se teď hrozně hádáme. Myslíme, že je to obdobím. Oba teď máme nějáké starosti, ale to doufám přejde. Problém je, že když se pohádáme jsem strašně hysterická, ale nevím čím to je a strašně mě to pak mrzí. Snažím se zachovat klid ale prostě vybuchnu .. Miluju ho tak hrozně moc, že na něj nikdy nepadlo špatné slovo i když mě někdy dost naštval. I pres vsechny hadky na zemi ho stale miluju! <3', 1, 1, 0, '2014-02-20 12:10:37', '2014-03-23 18:40:00', '2014-03-25 11:16:48', 9, 8, 1, 0, 0, 16),
	(20214, 'Své poprvé jsem prožila se svým bratrancem v 15-ti letech. Bylo to skvělé, ráda na to vzpomínám! Nyní mi je 19 let a občas spolu  spíme i teď. Lepší sex jsem nezažila!', 2, 0, 0, '2014-02-20 12:42:08', NULL, NULL, 0, 0, 0, 0, 0, NULL),
	(20215, 'O prázdninách jsem byl v letním kině. Měli jsme plno chlastu a ja to trošku přehnal. Vypil jsem skoro celou flašku vodky a potom to na mě přišlo muj penis do "L" vstanul a chtěl jsem mrdat jako prví jsem viděl nějakou tlustou holku říkam no co. Přišel jsem k ni dal jsem ji jazyk do pusy a už to bylo prsty šli do kundy a stali se z toho rybí prsty. Kamarádi se mi smějí. Udělal jsem něco špatně? Měl jsem ji mrdat ?? ', 1, 1, 0, '2014-02-20 14:07:14', '2014-03-23 19:00:00', '2014-03-23 19:00:00', 6, 7, 0, 0, 0, 16),
	(20216, 'Moje přítelkyně je profesionální domina. Normálně je to hodná holka, ale sere jí šéf v práci tak si to po nocích vybíjí na mě ve sklepě :D miluju to!', 1, 1, 1, '2014-02-20 14:11:59', '2014-03-23 19:20:00', '2014-03-23 19:20:00', 8, 6, 0, 0, 0, 16),
	(20217, 'honim si ho ve sprše a můj úd má 19cm. holky to maj rádi odemě.. jednou jsem šukal a máma přišla do pokoje sralo měš to že nás viděla ale tak aspon ví že to dělám.. ', 1, 1, 0, '2014-02-20 14:27:55', '2014-03-23 19:40:00', '2014-03-23 19:40:00', 7, 8, 0, 0, 0, 16),
	(20218, 'Mám moc ráda sex, mám ho ráda tvrdě, s mírným přiškrcením, taháním za vlasy s hračičkama..jen je problém,že můj přítel je na nudný sex,s minimální předehrou,nemá rád líbání,jen na tolehneme a je to..Sex mu stačí maximálně 2xza týden. Tak že si musím vypomáhat sama, ale já ho miluju a nechci ho podvést a odpustit', 1, 1, 0, '2014-02-20 14:31:53', '2014-03-23 20:00:00', '2014-03-25 11:14:56', 9, 13, 1, 0, 0, 16),
	(20219, 'Je mi 16 a jsem panic. Nevíte někdo jak se toho zbavím?', 1, 1, 1, '2014-02-20 14:47:11', '2014-03-23 20:20:00', '2014-03-23 20:20:00', 7, 6, 0, 0, 0, 16),
	(20220, 'Moje přítelkyně je nehorázně sexy! A k tomu už mi dvakrát přivedla do postele nějakou svojí pěknou kamarádku. Netřeba zdůrazňovat, že poslední půlrok byl pro mě učiněnej ráj!', 1, 1, 1, '2014-02-20 16:17:32', '2014-03-23 20:40:00', '2014-03-23 20:40:00', 9, 8, 0, 0, 0, 16),
	(20221, 'Měl jsem přítelkyni, která byla v sexu boží. Jelikož já ho mam rád a mohl bych to mít několikrát za den a s ní to tak bylo. Byli dny a to převážně víkendy, kdy jsme měli čas, tak nebyl problém, to mít i klidně desetkrát za den. I ona ten sex milovala a mohla to mít stále. Když už to bylo a pak to skončilo, tak třeba po deseti minutách to bylo znova a takhle několikrát za sebou. Takže doslova a do písmene promrdanej den :D Nejvíc jsem ale miloval, když byla vzrušená, tak jak byla celá mokrá. Úplně to z ní teklo a když měla orgasmus tak úplně strašně moc. Vždy to pod ní bylo celé mokré. tohle miluji a chtěl bych to zas zažít jenže.... Takové holky se hledají těžko, každá říká jak moc vydrží, jak to chce atd. ale skutečnost je pak jiná. ', 1, 1, 1, '2014-02-20 16:35:41', '2014-03-23 21:00:00', '2014-03-23 21:00:00', 8, 10, 0, 0, 0, 16),
	(20222, 'Je mi 16,nejsem ošklivá ani tlustá.mam sexuální apetit mymfomanky a chtela bych to furt , s bývalým přítelem(19) jsem se rozešla před dvouma mesicema chodim s nim do školy a byl to první kluk kteryho sem opravdu milovala ,brečím každej večer a je mi hrozne vždycky když ho potkám . Spali jsme spolu za 3,5 měsíce jednou a rozesel se semnou s tím že by to byl vztah jenom o sexu a to nechce .. hrozne mi chybi,Skoda ze už to skončilo ', 1, 1, 0, '2014-02-20 17:33:42', '2014-03-23 21:20:00', '2014-03-23 21:20:00', 9, 9, 1, 2, 0, 16),
	(20223, 'Myslím si,že každý kdo zažil sex se na něm potě stal závislý,ale na tom není nic špatného....V dnešní době se všechno odsuzuje,ale proč? Dnešní doba už je natolik zkažená,že není důvod něco odsuzovat..Proč by holka nezkusila druhou holku,jen pro ten pocit experimentu? Já holku zkusila,jsem hetero ,ale musí uznat ,že to byla přijemná zkušenost,proto všem radím experimentujte a zkoušejte stále nové a nové věci ;)', 1, 1, 1, '2014-02-20 17:45:17', '2014-03-23 21:40:00', '2014-03-23 21:40:00', 6, 7, 0, 0, 0, 16),
	(20224, 'Mám přítele ze Slovenska a nejvíc na něm miluju to , že po sexu si bezvládně lehne a řekne : "Láska ? už nevládzem" :D :D já ho žeru :-) ', 1, 1, 1, '2014-02-20 18:28:42', '2014-03-23 22:00:00', '2014-03-23 22:00:00', 5, 6, 0, 0, 0, 16),
	(20225, 'Jsem s pritelem 4 roky a nikdy me nelizal :/ fakt nevim jak si o to mam rict a to bych to moc chtela. Nikdy to nedelal a rekla bych ze se boji. Nejsem zadna spindira nebo smradoch. Jak na nej? ', 1, 1, 0, '2014-02-20 19:31:43', '2014-03-23 22:20:00', '2014-03-23 22:20:00', 6, 6, 0, 0, 0, 16),
	(20226, 'je mi 18 a miluju bdsm porno.už od 12 let vým že jsem submisivní,chci někoho kdo mě dokáže ovládat.bohužel nemám stálého přítele a nehodlám tohle zkoušet s nějakým neznámým úchylem.dokážu se udělat 2x za sebou,kluků jsem pár měla,dokonce i jednu holku,ale tohle prostě nesvěřím nikomu koho bych nemilovala..', 1, 1, 0, '2014-02-20 20:48:53', '2014-03-23 22:40:00', '2014-03-23 22:40:00', 8, 6, 0, 0, 0, 16),
	(20227, 'Je mi 19, s nikým sem nespala, ani sem neměla mužské přirození v ruce ani v puse, a pořád věřím, že najdu někoho, s kým si budu 100% jistá... tak si říkám, jestli nejsem občas naivní a jestli bych neměla přestat všechny odmítat.. :D (jo a ošklivá prý nejsem! :D) ', 1, 1, 0, '2014-02-20 21:00:54', '2014-03-23 23:00:00', '2014-03-23 23:00:00', 6, 8, 0, 0, 0, 16),
	(20228, 'S přítelem jsme byli na návštěvě u naší babičky. Byla už hodně stará a všichni měli za to, že brzo přijdou její dny ke konci, takže sme byli oba strašně milí a obětaví, když něco potřebovala. Jenže každý má své chutě a my si vlezli do špajzky a vlítli na to. V tom nejlepší se ale z ničehonic otevřeli dvířka a v nich stála naše bábi. Já místo toho, abych okamžitě přestala a překryla se něčím, jsem byla v naprostém šoku a prostě jen zpomalila svoji jízdu na příteli, přičemž jsem se dívala přímo na babičku :-D Největší překvapení ovšem přišlo až pozdějc, když jsem šla navečer kolem babiččiny ložnice a slyšela, že vzdychá víc, než to dokážu já :-D', 1, 1, 1, '2014-02-20 21:03:52', '2014-03-23 23:20:00', '2014-03-23 23:20:00', 9, 8, 0, 0, 0, 16),
	(20229, 'Jsem kluk.Mám kamarádku se kterou se znám už od malička.Tajně ji miluju!ALE!! v květnu 2013 jí bylo patnáct a od té doby už měla dva(o dost starší borce) se kterýma m*rdá.Nejdřív si našla prvního se kterým vydržela 5 měsíců.Scházeli se jenom o víkendu a to proto aby si mohli zamrdat.On ji odpanil.Dokonce ji nutil aby mu ho vykouřila.Nakonec se rozešli protože ho ten vztah nebavil.Asi o měsíc později si našla dalšího.Zatím je s ním taky pět měsíců a mrdají spolu o víkendech.A ona se mi s tím vším ještě svěřuje.Co si o ní myslíte?Copak je to v dnešní době normální??', 1, 1, 1, '2014-02-20 22:10:02', '2014-03-23 23:40:00', '2014-03-24 00:38:52', 6, 8, 0, 0, 0, 16),
	(20230, 'Poprve, kdyz jsem honila klukovi, byla to jedna velka komedie. Byl uplne drevo, jenom tak lezel a jako nic, vubec zadna aktivita, alespon malinko mohl ukazat, ze zije :D no a navic, udelal se, sotva jsem mu na nej sahla. Bylo to fakt o nicem. Ale co, kazda zkusenost dobra:D ', 1, 1, 0, '2014-02-20 22:16:00', '2014-03-24 00:00:00', '2014-03-24 00:00:00', 7, 5, 0, 0, 0, 16),
	(20231, 'Je mi 12 let a už konečně nejsem panna :) Připravil mě o to jeden 15tiletej kluk v parku . No šla jsem si po parku ve 12 večer a najednou se na mě viřítil kamarád že mě chce vojet :3 :D na ten den nikdy nezapomenu byl to ten nejhezčí ', 1, 1, 0, '2014-02-21 00:05:46', '2014-03-24 00:20:00', '2014-03-24 00:20:00', 7, 14, 0, 0, 0, 16),
	(20232, 'Jednou takhle večer si jdu zaplavat do bazénu a tam moje přítelkyně s kamarádkou se líbají tak jsem se zastavil chvílí na ně koukal během chvilky jsem zakašlal a koukli se na mě a mírně se zasmáli (nevěděl jsem co říci) tak jsem se zasmál taky skočil do bazénu a připlaval k nim. Koukali na mě tak dost divně jako bych jim překážel ,ale přítelkyni jsem chytil kolem pasu a začal se s ní líbat a hned nato i s její kámoškou. Šli jsme na to pomalu ,ale byl to asi ten nejlepší sex ve třech ,který jsem kdy měl.', 1, 1, 1, '2014-02-21 00:45:55', '2014-03-24 00:40:00', '2014-03-24 00:40:00', 9, 9, 0, 0, 0, 16),
	(20233, 'Otázka na holky...\r\nSex se zkušenym klukem nebo panicem?', 1, 1, 1, '2014-02-21 01:52:51', '2014-03-24 01:00:00', '2014-03-24 01:00:00', 7, 8, 0, 0, 0, 16),
	(20234, 'Není to snad stránka o přiznání?!! Tak at si sem píše kdo chce ....co chce! :D Chytrolíni....Nezapomeňte psát ty vaše okouzlují keci! Měli by jste se už probrat :D !', 2, 0, 0, '2014-02-21 10:40:27', NULL, NULL, 0, 0, 0, 0, 0, NULL),
	(20235, 'Muj kluk se vždycky rychle uděla, asi se za to stydí , a pak dalši dny nato, už ani raději nic nechce. nějake rady?', 1, 1, 0, '2014-02-21 12:10:11', '2014-03-24 02:00:00', '2014-03-24 02:00:00', 6, 10, 0, 0, 0, 16),
	(20236, 'má přítelkyně dostala jakousi chorobu a svádí to na mě, ikdyž já to nemám, asi se s ní rozejdu ', 1, 1, 0, '2014-02-21 12:18:36', '2014-03-24 07:20:00', '2014-03-24 07:20:00', 8, 9, 0, 0, 0, 16),
	(20237, 'mám průšvih. dali jsme to se současným dohromady.. láska na 1. pohled. jsme spolu 2 týdny oficialně. a po mě se ohlíží týpek, který byl jen můj tajný sen. jak já bych ho prznila. ale jaksi to nesloučim se současnym vztahem. buď a nebo. ale přijít o bezvadnýho chlapa pro pár vysněných nocí? ten můj život je teda pěkná potvůrka. :) prý zkusit se má vše, ale nevim nevim. asi budu potvora i ja.', 1, 1, 1, '2014-02-21 12:56:45', '2014-03-24 08:00:00', '2014-03-24 08:00:00', 10, 6, 0, 0, 0, 16),
	(20238, 'Vážně se nestačím divit, co jsou někteří lide schopni ze sebe vyplodit a to hlavně v komentářích.....pokud někdo napise opravdu vtipné, decentní a nevulgarni přiznání -kritizujete, jak je to nudné a pokud někdo napíše opak-kririzujete taky.nechápu, co se to s vámi lidi deje....\r\nNekdo zde opravdu žádá o radu, ať už z jakéhokoliv důvodu a víc než polovina z vás, nema nic jiného v záloze, než dotyčného člověka ponizit....sama se dokazu o sexu bavit otevrene,ale nikdy bych neznevazila žádný problém v teto oblasti.....zamyslete se nad sebou.....\r\n', 1, 1, 1, '2014-02-21 13:14:59', '2014-03-24 03:00:00', '2014-03-24 03:00:00', 11, 13, 0, 0, 0, 16),
	(20239, 'prosim poradt mi :/\r\nkdyz ejakuluju tak to jenom tece\r\nJak mam udelat abych poradne vystrikl ?? ', 1, 1, 0, '2014-02-21 14:22:10', '2014-03-24 07:40:00', '2014-03-25 01:54:33', 17, 18, 1, 0, 0, 16),
	(20240, 'S přítelkyni si užíváme klidně dvou až tří hodinový sex, dokud ji úplně neodvařím pipinu. Možná bych i věřil, že nikoho s tak pevnou a dlouhotrvající erekcí nepoznala, přestože je velmi atraktivní a své sexuální partnery přestala počítat po první stovce. Nemluvím o nějakém alkoholovém neudělání se nebo změknutí. Prostě je furt jak kámen, i když z něj stříká jak z hydrantu, nezvadne. Sama mi řekla, ať s ním jdu točit porno, že to není normální. Máte někdo podobnou zkušenost? Prosím děti, aby nekomentovaly, teď se baví dospělí.', 1, 1, 1, '2014-02-21 14:35:23', '2014-03-24 11:20:00', '2014-03-25 11:09:38', 13, 16, 1, 0, 0, 16),
	(20241, 'Omlouvám se, ale toto není přiznání. Mám problém. Sex mě nevzrušuje, i když jsem vlhká  a mám na to chuť, tak to se mnou prostě nic nedělá. Uvolněná jsem dost, 13 mi není, a klukem to taky není. Svojemu už jsem to řekla a zkoušíme hodně poloh. Nějaká řada prosím? Ps: a žádné okurky si tam strkat nehodlám \r\n21.2.', 1, 1, 1, '2014-02-21 14:54:17', '2014-03-24 08:20:00', '2014-03-24 08:20:00', 5, 8, 0, 0, 0, 16),
	(20242, 'Když mi ho kouřila jedna kamarádka, dělala to tak hluboko, že jsem to vydržel sotva minutu. Nejlepší bylo když jsem se jí do toho krku vystříkal a ona potom asi 5 minut kašlala sperma...', 1, 1, 1, '2014-02-21 15:17:26', '2014-03-24 05:00:00', '2014-03-25 01:55:03', 16, 13, 1, 0, 0, 16),
	(20243, 'Mrzí mě, že  když  jsme se před rokem rozešli s přítelem, tak jsme spolu byli krátce a já ani nevyzkoušela, jaké by bylo se s ním pomilovat. Moc jsem ho milovala a strašně by mě zajímalo jaký by byl ... škoda, že ted už to nejde. Protože už mám stálého přítele asi 7 měsíců a moc ho miluji, ale stejně mi to nedá a přemýšlím jaké by to bylo kdyby to tehdá neskončilo.', 1, 1, 0, '2014-02-21 15:39:58', '2014-03-24 09:20:00', '2014-03-24 09:20:00', 8, 8, 0, 0, 0, 16),
	(20244, 'Když spím s mým tak nic necítím. Mokrá jsem ale nic necítím,zkoušíme různé polohy ale nic necítím...', 1, 1, 0, '2014-02-21 17:18:12', '2014-03-24 07:00:00', '2014-03-24 07:00:00', 9, 7, 0, 0, 0, 16),
	(20245, 'zrovna teď mám chuť si pořádně zašukat!!! :P', 2, 0, 0, '2014-02-21 17:56:54', NULL, '2014-02-21 17:57:11', 0, 0, 1, 0, 0, NULL),
	(20246, 'Vždy, když se chci vyspat se svou holkou, tak rozbalím kondom a on mi lehne. Co mám dělat? :O :-(', 1, 1, 1, '2014-02-21 18:53:11', '2014-03-24 08:40:00', '2014-03-25 06:58:47', 14, 10, 0, 0, 0, 16),
	(20247, 'Nemám přiznání ale spíš bych měla otázku pro pány - Když spíte s holkama a jste v nich, máte ten samí pocit nebo je každá holka uvnitř jiná když ho v ní máte ,ze mate jiný pocit v ní než v tam tý?nevim jak to zformulovat ale doufam ze chapate :-D', 1, 1, 1, '2014-02-21 20:06:33', '2014-03-24 09:00:00', '2014-03-24 09:00:00', 12, 14, 0, 0, 0, 16),
	(20248, 'Je mi 16 a jsem pořád ještě panna. A ne proto, že bych nechtěla nebo proto, že bych neměla s kým, ale protože když jsem to konečně chtěla udělat, tak se do mě kluk nemohl dostat. Ani napodruhé, co jsme to zkoušeli. Nechápu kde je problém. A uvolněná jsem byla a nemyslím si, že by byl nějak nadprůměrný. Nechci jít kvůli tomu na gynekologii. Poradíte mi?', 1, 1, 1, '2014-02-21 20:27:26', '2014-03-24 10:20:00', '2014-03-24 10:20:00', 12, 10, 0, 0, 0, 16),
	(20249, 'kdo mi bude dělat koníka?  mám to rád ! http://www.kamoska.cz/sex-a-vztahy/analni-kolik-z-tebe-udela-ponika.html', 1, 1, 0, '2014-02-21 21:27:03', '2014-03-24 09:40:00', '2014-03-24 09:40:00', 10, 8, 0, 0, 0, 16),
	(20250, 'Moje přítelkyně je Bi. Musím říct, že je to pro mě prokletí a bezvýchodná cesta. Vím tak, že existuje něco, co ji nikdy nemůžu dát. Je prostě taková a my se s tím musíme naučit žít. Možná spoustu z vás bude tvrdit, že je to velká výhoda a doporučili byste mi tak trojku. Já ale na jinou nemám ani pomyšlení, chci ji jen pro sebe a ona chce pro sebe jen mě. Je to začarovaný kruh. Ale krásný a zamilovaný kruh!', 1, 1, 1, '2014-02-21 22:15:42', '2014-03-24 10:00:00', '2014-03-24 10:00:00', 9, 9, 0, 0, 0, 16),
	(20251, 'Strašně se těším na to až si moje ex najde nového kluka,upřímně ho budu litovat,nedokážu pochopit co jsem to byl za debila,že jsem s ní tak dlouho vydržel a tímto se přiznávám že kdybych předem věděl do čeho jdu,tak si radši budu sám dál doma honit klobásu,no i když ono to vlastně vyšlo na stejno :D', 1, 1, 1, '2014-02-21 22:19:05', '2014-03-24 10:40:00', '2014-03-24 10:40:00', 10, 10, 0, 0, 0, 16),
	(20252, 'Miluju to když jdu do sauny kde se musí člověk vyslíct a když tam příjde nějáká slečna takhle nahá tak bych na ni nejraději skočil v té sauně, strašně mě ta představa přitahuju a vzrušuje', 1, 1, 0, '2014-02-21 23:03:44', '2014-03-24 11:00:00', '2014-03-24 11:00:00', 11, 8, 0, 0, 0, 16);
/*!40000 ALTER TABLE `confessions` ENABLE KEYS */;

-- Exportování dat pro tabulku pos.contacts: ~0 rows (přibližně)
/*!40000 ALTER TABLE `contacts` DISABLE KEYS */;
/*!40000 ALTER TABLE `contacts` ENABLE KEYS */;

-- Exportování dat pro tabulku pos.couple: ~0 rows (přibližně)
/*!40000 ALTER TABLE `couple` DISABLE KEYS */;
INSERT INTO `couple` (`id`, `age`, `marital_state`, `orientation`, `tallness`, `shape`, `type`, `penis_length`, `penis_width`, `bra_size`, `smoke`, `drink`, `graduation`, `hair_colour`) VALUES
	(1, '0000-00-00', 'free', 'hetero', 160, '0', 3, NULL, NULL, 'a', 'often', 'often', 'zs', '1');
/*!40000 ALTER TABLE `couple` ENABLE KEYS */;

-- Exportování dat pro tabulku pos.district: ~0 rows (přibližně)
/*!40000 ALTER TABLE `district` DISABLE KEYS */;
INSERT INTO `district` (`id`, `name`, `regionID`) VALUES
	(1, 'Olomouc', 1),
	(2, 'Strakonice', 2),
	(3, 'Plzeň-sever', 3),
	(4, 'Třebíč', 4),
	(5, 'Hodonín', 5),
	(6, 'Chomutov', 6),
	(7, 'Louny', 6),
	(8, 'Kroměříž', 7),
	(9, 'Jindřichův Hradec', 2),
	(10, 'Benešov', 8),
	(11, 'Žďár nad Sázavou', 4),
	(12, 'Brno-venkov', 5),
	(13, 'Hradec Králové', 9),
	(14, 'Kladno', 8),
	(15, 'Domažlice', 3),
	(16, 'Česká Lípa', 10),
	(17, 'Znojmo', 5),
	(18, 'Plzeň-jih', 3),
	(19, 'Šumperk', 1),
	(20, 'Kutná Hora', 8),
	(21, 'Nymburk', 8),
	(22, 'Frýdek-Místek', 11),
	(23, 'Jičín', 9),
	(24, 'Vyškov', 5),
	(25, 'Pelhřimov', 4),
	(26, 'Český Krumlov', 2),
	(27, 'Rychnov nad Kněžnou', 9),
	(28, 'Příbram', 8),
	(29, 'Prachatice', 2),
	(30, 'Karviná', 11),
	(31, 'Svitavy', 12),
	(32, 'Opava', 11),
	(33, 'Náchod', 9),
	(34, 'Jihlava', 4),
	(35, 'Prostějov', 1),
	(36, 'Zlín', 7),
	(37, 'Přerov', 1),
	(38, 'Bruntál', 11),
	(39, 'Litoměřice', 6),
	(40, 'Karlovy Vary', 13),
	(41, 'Chrudim', 12),
	(42, 'Praha-západ', 8),
	(43, 'Havlíčkův Brod', 4),
	(44, 'Uherské Hradiště', 7),
	(45, 'Břeclav', 5),
	(46, 'Klatovy', 3),
	(47, 'Tachov', 3),
	(48, 'Nový Jičín', 11),
	(49, 'Mladá Boleslav', 8),
	(50, 'Praha-východ', 8),
	(51, 'České Budějovice', 2),
	(52, 'Pardubice', 12),
	(53, 'Tábor', 2),
	(54, 'Blansko', 5),
	(55, 'Písek', 2),
	(56, 'Trutnov', 9),
	(57, 'Teplice', 6),
	(58, 'Ústí nad Orlicí', 12),
	(59, 'Semily', 10),
	(60, 'Most', 6),
	(61, 'Vsetín', 7),
	(62, 'Rakovník', 8),
	(63, 'Brno-město', 5),
	(64, 'Beroun', 8),
	(65, 'Rokycany', 3),
	(66, 'Sokolov', 13),
	(67, 'Kolín', 8),
	(68, 'Liberec', 10),
	(69, 'Mělník', 8),
	(70, 'Děčín', 6),
	(71, 'Ostrava-město', 11),
	(72, 'Jeseník', 1),
	(73, 'Jablonec nad Nisou', 10),
	(74, 'Ústí nad Labem', 6),
	(75, 'Cheb', 13),
	(76, 'Plzeň-město', 3),
	(77, 'Hlavní město Praha', 14);
/*!40000 ALTER TABLE `district` ENABLE KEYS */;

-- Exportování dat pro tabulku pos.embed_videos: ~0 rows (přibližně)
/*!40000 ALTER TABLE `embed_videos` DISABLE KEYS */;
INSERT INTO `embed_videos` (`id`, `id_serie`, `name`, `script`) VALUES
	(1, 1, 'Sex ve třech', '<script type="text/javascript" src="http://1.im.cz/ad/gemius.js"></script><script type="text/javascript" src="http://i.imedia.cz/js/im2.js"></script><object height="382" width="624"><param name="movie" value="http://www.stream.cz/object/774641-prirodoveda-s-alex-sex-ve-trech"><param name="allowfullscreen" value="true"><param name="allowscriptaccess" value="always"><embed id="VideoSpot_774641" name="VideoSpot_774641" src="http://www.stream.cz/object/774641-prirodoveda-s-alex-sex-ve-trech" type="application/x-shockwave-flash" allowfullscreen="true" allowscriptaccess="always" height="382" width="624"></object>'),
	(2, 1, 'Sex během menstruace', '<script type="text/javascript" src="http://1.im.cz/ad/gemius.js"></script><script type="text/javascript" src="http://i.imedia.cz/js/im2.js"></script><object height="382" width="624"><param name="movie" value="http://www.stream.cz/object/770924-prirodoveda-s-alex-sex-behem-menstruace"><param name="allowfullscreen" value="true"><param name="allowscriptaccess" value="always"><embed id="VideoSpot_770924" name="VideoSpot_770924" src="http://www.stream.cz/object/770924-prirodoveda-s-alex-sex-behem-menstruace" type="application/x-shockwave-flash" allowfullscreen="true" allowscriptaccess="always" height="382" width="624"></object>'),
	(3, 1, 'Pauza ve vztahu', '<script type="text/javascript" src="http://1.im.cz/ad/gemius.js"></script><script type="text/javascript" src="http://i.imedia.cz/js/im2.js"></script><object height="382" width="624"><param name="movie" value="http://www.stream.cz/object/770892-prirodoveda-s-alex-pauza-ve-vztahu"><param name="allowfullscreen" value="true"><param name="allowscriptaccess" value="always"><embed id="VideoSpot_770892" name="VideoSpot_770892" src="http://www.stream.cz/object/770892-prirodoveda-s-alex-pauza-ve-vztahu" type="application/x-shockwave-flash" allowfullscreen="true" allowscriptaccess="always" height="382" width="624"></object>'),
	(4, 1, 'Kamarád taky rád', '<script type="text/javascript" src="http://1.im.cz/ad/gemius.js"></script><script type="text/javascript" src="http://i.imedia.cz/js/im2.js"></script><object height="382" width="624"><param name="movie" value="http://www.stream.cz/object/767107-prirodoveda-s-alex-kamarad-taky-rad"><param name="allowfullscreen" value="true"><param name="allowscriptaccess" value="always"><embed id="VideoSpot_767107" name="VideoSpot_767107" src="http://www.stream.cz/object/767107-prirodoveda-s-alex-kamarad-taky-rad" type="application/x-shockwave-flash" allowfullscreen="true" allowscriptaccess="always" height="382" width="624"></object>'),
	(5, 1, 'Sex s nadřízeným', '<script type="text/javascript" src="http://1.im.cz/ad/gemius.js"></script><script type="text/javascript" src="http://i.imedia.cz/js/im2.js"></script><object height="382" width="624"><param name="movie" value="http://www.stream.cz/object/765554-prirodoveda-s-alex-sex-s-nadrizenym"><param name="allowfullscreen" value="true"><param name="allowscriptaccess" value="always"><embed id="VideoSpot_765554" name="VideoSpot_765554" src="http://www.stream.cz/object/765554-prirodoveda-s-alex-sex-s-nadrizenym" type="application/x-shockwave-flash" allowfullscreen="true" allowscriptaccess="always" height="382" width="624"></object>'),
	(6, 1, 'První sex a jak na něj', '<script type="text/javascript" src="http://1.im.cz/ad/gemius.js"></script><script type="text/javascript" src="http://i.imedia.cz/js/im2.js"></script><object height="382" width="624"><param name="movie" value="http://www.stream.cz/object/760668-prirodoveda-s-alex-prvni-sex-a-jak-na-nej"><param name="allowfullscreen" value="true"><param name="allowscriptaccess" value="always"><embed id="VideoSpot_760668" name="VideoSpot_760668" src="http://www.stream.cz/object/760668-prirodoveda-s-alex-prvni-sex-a-jak-na-nej" type="application/x-shockwave-flash" allowfullscreen="true" allowscriptaccess="always" height="382" width="624"></object>'),
	(7, 1, 'Podezřívám partnera z nevěry', '<script type="text/javascript" src="http://1.im.cz/ad/gemius.js"></script><script type="text/javascript" src="http://i.imedia.cz/js/im2.js"></script><object height="382" width="624"><param name="movie" value="http://www.stream.cz/object/760612-prirodoveda-s-alex-podezrivam-partnera-z-nevery"><param name="allowfullscreen" value="true"><param name="allowscriptaccess" value="always"><embed id="VideoSpot_760612" name="VideoSpot_760612" src="http://www.stream.cz/object/760612-prirodoveda-s-alex-podezrivam-partnera-z-nevery" type="application/x-shockwave-flash" allowfullscreen="true" allowscriptaccess="always" height="382" width="624"></object>'),
	(8, 1, 'Jak přesvědčit manželku k pestřejšímu sexu', '<script type="text/javascript" src="http://1.im.cz/ad/gemius.js"></script><script type="text/javascript" src="http://i.imedia.cz/js/im2.js"></script><object height="382" width="624"><param name="movie" value="http://www.stream.cz/object/757556-prirodoveda-s-alex-jak-presvedcit-manzelku-k-pestrejsimu-sexu"><param name="allowfullscreen" value="true"><param name="allowscriptaccess" value="always"><embed id="VideoSpot_757556" name="VideoSpot_757556" src="http://www.stream.cz/object/757556-prirodoveda-s-alex-jak-presvedcit-manzelku-k-pestrejsimu-sexu" type="application/x-shockwave-flash" allowfullscreen="true" allowscriptaccess="always" height="382" width="624"></object>'),
	(9, 1, 'Malý penis', '<script type="text/javascript" src="http://1.im.cz/ad/gemius.js"></script><script type="text/javascript" src="http://i.imedia.cz/js/im2.js"></script><object height="382" width="624"><param name="movie" value="http://www.stream.cz/object/754139-prirodoveda-s-alex-maly-penis"><param name="allowfullscreen" value="true"><param name="allowscriptaccess" value="always"><embed id="VideoSpot_754139" name="VideoSpot_754139" src="http://www.stream.cz/object/754139-prirodoveda-s-alex-maly-penis" type="application/x-shockwave-flash" allowfullscreen="true" allowscriptaccess="always" height="382" width="624"></object>'),
	(10, 1, 'Přiznání nevěry?', '<script type="text/javascript" src="http://1.im.cz/ad/gemius.js"></script><script type="text/javascript" src="http://i.imedia.cz/js/im2.js"></script><object height="382" width="624"><param name="movie" value="http://www.stream.cz/object/776800-prirodoveda-s-alex-priznani-nevery"><param name="allowfullscreen" value="true"><param name="allowscriptaccess" value="always"><embed id="VideoSpot_776800" name="VideoSpot_776800" src="http://www.stream.cz/object/776800-prirodoveda-s-alex-priznani-nevery" type="application/x-shockwave-flash" allowfullscreen="true" allowscriptaccess="always" height="382" width="624"></object>'),
	(11, 1, 'Můj muž chodí do nevěstince', '<script type="text/javascript" src="http://1.im.cz/ad/gemius.js"></script><script type="text/javascript" src="http://i.imedia.cz/js/im2.js"></script><object height="382" width="624"><param name="movie" value="http://www.stream.cz/object/779707-prirodoveda-s-alex-muj-muz-chodi-do-nevestince"><param name="allowfullscreen" value="true"><param name="allowscriptaccess" value="always"><embed id="VideoSpot_779707" name="VideoSpot_779707" src="http://www.stream.cz/object/779707-prirodoveda-s-alex-muj-muz-chodi-do-nevestince" type="application/x-shockwave-flash" allowfullscreen="true" allowscriptaccess="always" height="382" width="624"></object>'),
	(12, 1, 'Sex na prvním rande', '<script type="text/javascript" src="http://1.im.cz/ad/gemius.js"></script><script type="text/javascript" src="http://i.imedia.cz/js/im2.js"></script><object height="382" width="624"><param name="movie" value="http://www.stream.cz/object/779843-prirodoveda-s-alex-sex-na-prvnim-rande"><param name="allowfullscreen" value="true"><param name="allowscriptaccess" value="always"><embed id="VideoSpot_779843" name="VideoSpot_779843" src="http://www.stream.cz/object/779843-prirodoveda-s-alex-sex-na-prvnim-rande" type="application/x-shockwave-flash" allowfullscreen="true" allowscriptaccess="always" height="382" width="624"></object>'),
	(13, 1, 'Nevhodný dárek', '<script type="text/javascript" src="http://1.im.cz/ad/gemius.js"></script><script type="text/javascript" src="http://i.imedia.cz/js/im2.js"></script><object height="382" width="624"><param name="movie" value="http://www.stream.cz/object/782027-prirodoveda-s-alex-nevhodny-darek"><param name="allowfullscreen" value="true"><param name="allowscriptaccess" value="always"><embed id="VideoSpot_782027" name="VideoSpot_782027" src="http://www.stream.cz/object/782027-prirodoveda-s-alex-nevhodny-darek" type="application/x-shockwave-flash" allowfullscreen="true" allowscriptaccess="always" height="382" width="624"></object>'),
	(14, 1, 'Pořád mluví o bývalé přítelkyni', '<script type="text/javascript" src="http://1.im.cz/ad/gemius.js"></script><script type="text/javascript" src="http://i.imedia.cz/js/im2.js"></script><object height="382" width="624"><param name="movie" value="http://www.stream.cz/object/782180-prirodoveda-s-alex-porad-mluvi-o-byvale-pritelkyni"><param name="allowfullscreen" value="true"><param name="allowscriptaccess" value="always"><embed id="VideoSpot_782180" name="VideoSpot_782180" src="http://www.stream.cz/object/782180-prirodoveda-s-alex-porad-mluvi-o-byvale-pritelkyni" type="application/x-shockwave-flash" allowfullscreen="true" allowscriptaccess="always" height="382" width="624"></object>'),
	(15, 1, 'Chci zažít orgasmus', '<script type="text/javascript" src="http://1.im.cz/ad/gemius.js"></script><script type="text/javascript" src="http://i.imedia.cz/js/im2.js"></script><object height="382" width="624"><param name="movie" value="http://www.stream.cz/object/784904-prirodoveda-s-alex-chci-zazit-orgasmus"><param name="allowfullscreen" value="true"><param name="allowscriptaccess" value="always"><embed id="VideoSpot_784904" name="VideoSpot_784904" src="http://www.stream.cz/object/784904-prirodoveda-s-alex-chci-zazit-orgasmus" type="application/x-shockwave-flash" allowfullscreen="true" allowscriptaccess="always" height="382" width="624"></object>'),
	(16, 1, 'Sex s ex', '<script type="text/javascript" src="http://1.im.cz/ad/gemius.js"></script><script type="text/javascript" src="http://i.imedia.cz/js/im2.js"></script><object height="382" width="624"><param name="movie" value="http://www.stream.cz/object/784440-prirodoveda-s-alex-sex-s-ex"><param name="allowfullscreen" value="true"><param name="allowscriptaccess" value="always"><embed id="VideoSpot_784440" name="VideoSpot_784440" src="http://www.stream.cz/object/784440-prirodoveda-s-alex-sex-s-ex" type="application/x-shockwave-flash" allowfullscreen="true" allowscriptaccess="always" height="382" width="624"></object>'),
	(17, 1, 'Když máte chuť na sex každý jindy', '<script type="text/javascript" src="http://1.im.cz/ad/gemius.js"></script><script type="text/javascript" src="http://i.imedia.cz/js/im2.js"></script><object height="382" width="624"><param name="movie" value="http://www.stream.cz/object/784939-prirodoveda-s-alex-kdyz-mate-chut-na-sex-kazdy-jindy"><param name="allowfullscreen" value="true"><param name="allowscriptaccess" value="always"><embed id="VideoSpot_784939" name="VideoSpot_784939" src="http://www.stream.cz/object/784939-prirodoveda-s-alex-kdyz-mate-chut-na-sex-kazdy-jindy" type="application/x-shockwave-flash" allowfullscreen="true" allowscriptaccess="always" height="382" width="624"></object>'),
	(18, 1, 'Anální sex', '<script type="text/javascript" src="http://1.im.cz/ad/gemius.js"></script><script type="text/javascript" src="http://i.imedia.cz/js/im2.js"></script><object height="382" width="624"><param name="movie" value="http://www.stream.cz/object/784902-prirodoveda-s-alex-analni-sex"><param name="allowfullscreen" value="true"><param name="allowscriptaccess" value="always"><embed id="VideoSpot_784902" name="VideoSpot_784902" src="http://www.stream.cz/object/784902-prirodoveda-s-alex-analni-sex" type="application/x-shockwave-flash" allowfullscreen="true" allowscriptaccess="always" height="382" width="624"></object>'),
	(19, 1, 'Ženatý milenec', '<script type="text/javascript" src="http://1.im.cz/ad/gemius.js"></script><script type="text/javascript" src="http://i.imedia.cz/js/im2.js"></script><object height="382" width="624"><param name="movie" value="http://www.stream.cz/object/784936-prirodoveda-s-alex-zenaty-milenec"><param name="allowfullscreen" value="true"><param name="allowscriptaccess" value="always"><embed id="VideoSpot_784936" name="VideoSpot_784936" src="http://www.stream.cz/object/784936-prirodoveda-s-alex-zenaty-milenec" type="application/x-shockwave-flash" allowfullscreen="true" allowscriptaccess="always" height="382" width="624"></object>'),
	(20, 1, 'Orální sex', '<script type="text/javascript" src="http://1.im.cz/ad/gemius.js"></script><script type="text/javascript" src="http://i.imedia.cz/js/im2.js"></script><object height="382" width="624"><param name="movie" value="http://www.stream.cz/object/792763-prirodoveda-s-alex-oralni-sex"><param name="allowfullscreen" value="true"><param name="allowscriptaccess" value="always"><embed id="VideoSpot_792763" name="VideoSpot_792763" src="http://www.stream.cz/object/792763-prirodoveda-s-alex-oralni-sex" type="application/x-shockwave-flash" allowfullscreen="true" allowscriptaccess="always" height="382" width="624"></object>'),
	(25, 1, 'Sledování porna', '<script type="text/javascript" src="http://1.im.cz/ad/gemius.js"></script><script type="text/javascript" src="http://i.imedia.cz/js/im2.js"></script><object height="382" width="624"><param name="movie" value="http://www.stream.cz/object/775980-prirodoveda-s-alex-sledovani-porna"><param name="allowfullscreen" value="true"><param name="allowscriptaccess" value="always"><embed id="VideoSpot_775980" name="VideoSpot_775980" src="http://www.stream.cz/object/775980-prirodoveda-s-alex-sledovani-porna" type="application/x-shockwave-flash" allowfullscreen="true" allowscriptaccess="always" height="382" width="624"></object>'),
	(51, 1, 'Nevěrné novomanželky', '<script type="text/javascript" src="http://1.im.cz/ad/gemius.js"></script><script type="text/javascript" src="http://i.imedia.cz/js/im2.js"></script><object height="382" width="624"><param name="movie" value="http://www.stream.cz/object/795314-prirodoveda-s-alex-neverne-novomanzelky"><param name="allowfullscreen" value="true"><param name="allowscriptaccess" value="always"><embed id="VideoSpot_795314" name="VideoSpot_795314" src="http://www.stream.cz/object/795314-prirodoveda-s-alex-neverne-novomanzelky" type="application/x-shockwave-flash" allowfullscreen="true" allowscriptaccess="always" height="382" width="624"></object>'),
	(52, 1, 'Swingers párty', '<script type="text/javascript" src="http://1.im.cz/ad/gemius.js"></script><script type="text/javascript" src="http://i.imedia.cz/js/im2.js"></script><object height="382" width="624"><param name="movie" value="http://www.stream.cz/object/795308-prirodoveda-s-alex-swingers-party"><param name="allowfullscreen" value="true"><param name="allowscriptaccess" value="always"><embed id="VideoSpot_795308" name="VideoSpot_795308" src="http://www.stream.cz/object/795308-prirodoveda-s-alex-swingers-party" type="application/x-shockwave-flash" allowfullscreen="true" allowscriptaccess="always" height="382" width="624"></object>'),
	(53, 1, 'Jsem homosexuál', '<script type="text/javascript" src="http://1.im.cz/ad/gemius.js"></script><script type="text/javascript" src="http://i.imedia.cz/js/im2.js"></script><object height="382" width="624"><param name="movie" value="http://www.stream.cz/object/794445-prirodoveda-s-alex-jsem-homosexual"><param name="allowfullscreen" value="true"><param name="allowscriptaccess" value="always"><embed id="VideoSpot_794445" name="VideoSpot_794445" src="http://www.stream.cz/object/794445-prirodoveda-s-alex-jsem-homosexual" type="application/x-shockwave-flash" allowfullscreen="true" allowscriptaccess="always" height="382" width="624"></object>');
/*!40000 ALTER TABLE `embed_videos` ENABLE KEYS */;

-- Exportování dat pro tabulku pos.enum_bra_size: ~0 rows (přibližně)
/*!40000 ALTER TABLE `enum_bra_size` DISABLE KEYS */;
INSERT INTO `enum_bra_size` (`id`, `bra_size`) VALUES
	(1, 'A'),
	(2, 'B'),
	(3, 'C'),
	(4, 'D'),
	(5, 'E'),
	(6, 'F');
/*!40000 ALTER TABLE `enum_bra_size` ENABLE KEYS */;

-- Exportování dat pro tabulku pos.enum_drink: ~0 rows (přibližně)
/*!40000 ALTER TABLE `enum_drink` DISABLE KEYS */;
INSERT INTO `enum_drink` (`id`, `drink`) VALUES
	(1, 'často'),
	(2, 'ne'),
	(3, 'příležitostně');
/*!40000 ALTER TABLE `enum_drink` ENABLE KEYS */;

-- Exportování dat pro tabulku pos.enum_graduation: ~0 rows (přibližně)
/*!40000 ALTER TABLE `enum_graduation` DISABLE KEYS */;
INSERT INTO `enum_graduation` (`id`, `graduation`) VALUES
	(1, 'základní'),
	(2, 'vyučen/a'),
	(3, 'střední'),
	(4, 'vyšší odborné'),
	(5, 'vysoké');
/*!40000 ALTER TABLE `enum_graduation` ENABLE KEYS */;

-- Exportování dat pro tabulku pos.enum_hair_colour: ~0 rows (přibližně)
/*!40000 ALTER TABLE `enum_hair_colour` DISABLE KEYS */;
INSERT INTO `enum_hair_colour` (`id`, `hair_colour`) VALUES
	(1, 'blond'),
	(2, 'hnědá'),
	(3, 'zrzavá'),
	(4, 'černá'),
	(5, 'jiná');
/*!40000 ALTER TABLE `enum_hair_colour` ENABLE KEYS */;

-- Exportování dat pro tabulku pos.enum_marital_state: ~0 rows (přibližně)
/*!40000 ALTER TABLE `enum_marital_state` DISABLE KEYS */;
INSERT INTO `enum_marital_state` (`id`, `marital_state`) VALUES
	(1, 'volný'),
	(2, 'ženatý / vdaná'),
	(3, 'rozvedený/á'),
	(4, 'oddělený/á'),
	(5, 'vdovec / vdova'),
	(6, 'zadaný');
/*!40000 ALTER TABLE `enum_marital_state` ENABLE KEYS */;

-- Exportování dat pro tabulku pos.enum_orientation: ~0 rows (přibližně)
/*!40000 ALTER TABLE `enum_orientation` DISABLE KEYS */;
INSERT INTO `enum_orientation` (`id`, `orientation`) VALUES
	(1, 'hetero'),
	(2, 'homo'),
	(3, 'bi'),
	(4, 'bi - chtěl bych zkusit');
/*!40000 ALTER TABLE `enum_orientation` ENABLE KEYS */;

-- Exportování dat pro tabulku pos.enum_penis_width: ~0 rows (přibližně)
/*!40000 ALTER TABLE `enum_penis_width` DISABLE KEYS */;
INSERT INTO `enum_penis_width` (`id`, `penis_width`) VALUES
	(1, 'hubený'),
	(2, 'střední'),
	(3, 'tlustý');
/*!40000 ALTER TABLE `enum_penis_width` ENABLE KEYS */;

-- Exportování dat pro tabulku pos.enum_place: ~0 rows (přibližně)
/*!40000 ALTER TABLE `enum_place` DISABLE KEYS */;
INSERT INTO `enum_place` (`id`, `place`) VALUES
	(1, 'postel'),
	(2, 'auto'),
	(3, 'příroda'),
	(4, 'neobvyklé místo'),
	(5, 'na veřejnosti');
/*!40000 ALTER TABLE `enum_place` ENABLE KEYS */;

-- Exportování dat pro tabulku pos.enum_position: ~0 rows (přibližně)
/*!40000 ALTER TABLE `enum_position` DISABLE KEYS */;
INSERT INTO `enum_position` (`id`, `position`) VALUES
	(1, 'zezadu'),
	(2, '69'),
	(3, 'misionář'),
	(4, 'na koníčka'),
	(5, 'na boku');
/*!40000 ALTER TABLE `enum_position` ENABLE KEYS */;

-- Exportování dat pro tabulku pos.enum_property: ~0 rows (přibližně)
/*!40000 ALTER TABLE `enum_property` DISABLE KEYS */;
INSERT INTO `enum_property` (`id`, `name`) VALUES
	(1, 'mann'),
	(2, 'womann'),
	(3, 'couple'),
	(4, 'coupleMan'),
	(5, 'coupleWoman'),
	(6, 'group');
/*!40000 ALTER TABLE `enum_property` ENABLE KEYS */;

-- Exportování dat pro tabulku pos.enum_shape: ~0 rows (přibližně)
/*!40000 ALTER TABLE `enum_shape` DISABLE KEYS */;
INSERT INTO `enum_shape` (`id`, `shape`) VALUES
	(1, 'atletická'),
	(2, 'hubená'),
	(3, 'štíhlá'),
	(4, 'normální'),
	(5, 'plnoštíhlá'),
	(6, 'při těle');
/*!40000 ALTER TABLE `enum_shape` ENABLE KEYS */;

-- Exportování dat pro tabulku pos.enum_smoke: ~0 rows (přibližně)
/*!40000 ALTER TABLE `enum_smoke` DISABLE KEYS */;
INSERT INTO `enum_smoke` (`id`, `smoke`) VALUES
	(1, 'často'),
	(2, 'ne'),
	(3, 'příležitostně');
/*!40000 ALTER TABLE `enum_smoke` ENABLE KEYS */;

-- Exportování dat pro tabulku pos.enum_status: ~0 rows (přibližně)
/*!40000 ALTER TABLE `enum_status` DISABLE KEYS */;
INSERT INTO `enum_status` (`id`, `name`) VALUES
	(1, 'Poznávat nové přátele'),
	(2, 'Chatovat'),
	(3, 'Randit'),
	(4, 'Sexovat');
/*!40000 ALTER TABLE `enum_status` ENABLE KEYS */;

-- Exportování dat pro tabulku pos.enum_tallness: ~0 rows (přibližně)
/*!40000 ALTER TABLE `enum_tallness` DISABLE KEYS */;
INSERT INTO `enum_tallness` (`id`, `tallness`) VALUES
	(1, 160),
	(2, 170),
	(3, 180),
	(4, 190),
	(5, 200);
/*!40000 ALTER TABLE `enum_tallness` ENABLE KEYS */;

-- Exportování dat pro tabulku pos.eshop_games: ~0 rows (přibližně)
/*!40000 ALTER TABLE `eshop_games` DISABLE KEYS */;
INSERT INTO `eshop_games` (`id`, `name`, `description`, `suffix`, `price`, `tags`) VALUES
	(1, 'Vášnivé fantazie', '<strong>Vstupte se svým miláčkem do světa vášní a fantazie.</strong> <br>\r\nHráči putují po herním plánu, kde na ně čekají různé události a příjemné úkoly, jejichž sexuální obtížnost se postupně zvyšuje. Dokážete dojít až do cíle? \r\nNa cestě k vrcholu vás ovšem čekají také nástrahy v podobě políček Vězení, ze kterého je nutné se osvobodit (viz speciální kartičky). <br>\r\n<strong>Více jak 100 úkolových karet vám zajistí, aby byla každá hra unikátní a mohli jste tak hrát znovu a znovu.</strong> <br>\r\nErotická sexy společenská hra pro páry, milence, manžele či partnery. Spousta erotických úkolů vám zajistí úžasnou předehru a neskutečný sex. Zaručené oživení vztahu a sexuálního života. Hra je vhodná jako dárek na Vánoce, Valentýn či narozeniny.', 'png', 69, '(pro páry)'),
	(2, 'Nespoutané vzrušení', 'Nespoutané vzrušení - aneb Vášnivé fantazie II.<br>\r\n                                                <strong>Pokračování nejúspěšnější hry pro páry potěší všechny, kteří si přáli přitrvrdit.</strong>\r\nJste k sobě otevření a nebojíte se v sexu experimentovat?<br>\r\nHledáte inspiraci pro zpestření intimního života?<br>\r\nNevíte jak přesvědčit drahou polovičku ke splnění Vaší speciální touhy?<br>\r\n<strong>Žhavá erotická hra Nespoutané vzrušení je tu právě pro Vás!</strong><br><br>\r\nHra nabízí: odvážnější sexuální úkoly, vzhledný a netradiční herní plán, splnění nejtajnějších sexuálních fantazií pro vítěze, možnost přizpůsobit si tempo hry - hratelnost pro všechny.', 'png', 69, '(pro páry)'),
	(3, 'Žhavé úkoly pro páry', '<strong>Rozšiřte svoji hru o destíky nových úkolů, které Vás zaručeně dostanou do varu. </strong><br>\r\n                                                                   (Pouze rozšíření pro Vášnivé fantazie nebo Nespoutané vzrušení - nelze hrát samostaně)<br><br>\r\n\r\n<strong>Vraťte se do světa vášní a fantazie, kde na vás čekají dosud nepoznané erotické techniky a hrátky.</strong><br><br>\r\n\r\nBalíček obsahuje 100 vzrušujících úkolů, kterými jednoduše rozšíříte hru Vášnivé fantazie nebo Nespoutané vzrušení. Zažijete neskutečnou rozkoš.<br><br>', 'png', 59, '(rozšíření)'),
	(4, 'Sexy hrátky', 'Hráči se pohybují po herním plánu, kde má každé políčko přidělený konkrétní úkol. Začíná se snadnými a humornými úkoly a postupně se přitvrzuje. Hra je tím pádem vytvořena tak, aby dokázala postupně a nenápadně zlomit veškeré zábrany a nic tak nebránilo prožití erotické párty či večírku.', 'png', 69, '(na párty)'),
	(5, 'Sexy aktivity', 'Hráči hrají buď jednotlivě nebo v týmech. Když je hráč na tahu, tak si vždy volí jakou obtížnost úkolu nebo otázky bude plnit a podle toho se pak posouvá vpřed po herním plánu (pokud splní).\r\n<br/>\r\n<strong>Hra obsahuje tři obtížnosti humorných sexy úkolů a zvídavých otázek spolu s bonusy, které obsahují soutěže, nebo zábavné úkoly pro všechny.</strong>\r\n<br/>\r\nNejoblíbenější hra na domácí pařbu, mejdan či večírek od Origame. Zábava na Silvestr, chatu, chalupu či oslavu. Lehce erotická společenská zábavná hra pro dospělé. Desítky úkolových karet. Lepší než běžné a drahé deskové hry. Levná hra ke stažení a vytisknutí.', 'png', 69, '(na párty)');
/*!40000 ALTER TABLE `eshop_games` ENABLE KEYS */;

-- Exportování dat pro tabulku pos.eshop_games_orders: ~0 rows (přibližně)
/*!40000 ALTER TABLE `eshop_games_orders` DISABLE KEYS */;
INSERT INTO `eshop_games_orders` (`id`, `name`, `surname`, `email`, `address`, `discount_coupon`, `phone`, `note`, `create`, `vasnivefantazie`, `nespoutanevzruseni`, `zhaveukolypropary`, `ceskahralasky`, `nekonecnaparty`, `sexyaktivity`, `ceskachlastacka`, `milackuuklidto`, `sexyhratky`, `manazeruvsen`, `print`) VALUES
	(64, 'Jan', 'Říha', 'rihaja@seznam.cz', '', NULL, '721243489', '', '2014-02-10 14:47:52', 1, 1, 1, 0, 0, 0, 0, 0, 0, 0, 0),
	(65, 'Simona', 'Červíková', 'simmmik@seznam.cz', '', NULL, '773545158', '', '2014-02-10 16:06:28', 1, 0, 0, 0, 0, 0, 0, 0, 0, 0, 0),
	(66, 'Marie', 'Šmerdová', 'smerdova1@seznam.cz', '', NULL, '605131792', '', '2014-02-10 16:56:12', 1, 0, 0, 0, 0, 0, 0, 0, 0, 0, 0),
	(67, 'Ondřej', 'Karkoš', 'ondrej.karkos2@seznam.cz', '', NULL, '607190183', '', '2014-02-10 17:13:28', 1, 0, 0, 0, 0, 0, 0, 0, 0, 0, 0),
	(68, 'Aneta', 'Švédová', 'a.svedova05@seznam.cz', 'Litobratřice 57, Litobratřice 67178', NULL, '723368677', '', '2014-02-10 18:23:37', 0, 1, 0, 0, 0, 0, 0, 0, 0, 0, 1),
	(69, 'Aneta', 'Švédová', 'a.svedova05@seznam.cz', 'Litobratřice 57, Litobratřice 67178', NULL, '723368677', '', '2014-02-10 18:25:22', 1, 0, 0, 0, 0, 0, 0, 0, 0, 0, 1),
	(70, 'Klára', 'Jůnová', 'kjunova@atlas.cz', '', NULL, '722564356', '', '2014-02-10 19:35:12', 1, 0, 0, 0, 0, 0, 0, 0, 0, 0, 0),
	(71, 'Jan', 'Mikulenka', 'honza.mikulenka@seznam.cz', '', NULL, '602711781', '', '2014-02-10 20:17:36', 1, 0, 0, 0, 0, 0, 0, 0, 0, 0, 0),
	(73, 'Jiřina', 'Heršáková', 'pilllulka@seznam.cz', '', NULL, '733550861', '', '2014-02-10 20:26:35', 0, 1, 0, 0, 0, 0, 0, 0, 0, 0, 0),
	(74, 'David', 'Horák', 'dawedh@seznam.cz', '', NULL, '725565407', '', '2014-02-10 20:53:29', 1, 1, 1, 0, 0, 1, 0, 0, 1, 0, 0),
	(75, 'David', 'Horák', 'dawedh@seznam.cz', 'Vítonice 72, 768 61', NULL, '725565407', '', '2014-02-10 21:03:50', 1, 1, 1, 0, 0, 1, 0, 0, 1, 0, 1),
	(76, 'Radek', 'Mrhac', 'radekmrhac@seznam.cz', '', NULL, '777003402', '', '2014-02-10 21:16:14', 0, 1, 0, 0, 0, 0, 0, 0, 0, 0, 0),
	(77, 'Martin', 'Kroneraff', 'kroneraff.martin@gmail.com', '', NULL, '000111', 'Zdravím, mám taký problém, som zo Slovenska a nemám české tel. č., číslo som si len vymyslel, bez neho to nešlo vyplniť.', '2014-02-10 21:19:39', 1, 1, 0, 0, 0, 0, 0, 0, 0, 0, 0),
	(78, 'Adam', 'Všetíček', 'addaamms@seznam.cz', 'Breitcetlova 877/3, Praha 9, 198 00', NULL, '724315495', '', '2014-02-10 21:23:05', 1, 0, 0, 0, 0, 0, 0, 0, 0, 0, 0),
	(79, 'Magdalena', 'Špalková', 'magdalena.spalkova@seznam.cz', '', NULL, '775638418', '', '2014-02-10 21:45:55', 1, 0, 0, 0, 0, 0, 0, 0, 0, 0, 0),
	(80, 'Lukas', 'Kolar', 'lukas.kolar.repa@seznam.cz', '', NULL, '774615360', '', '2014-02-10 22:39:07', 0, 0, 1, 0, 0, 0, 0, 0, 0, 0, 0),
	(81, 'Kristýna', 'Křivská', 'kristyna-krivska@seznam.cz', '', NULL, '737844053', '', '2014-02-10 22:44:20', 1, 0, 0, 0, 0, 1, 0, 0, 0, 0, 0),
	(82, 'Jan Vávra', 'Vávra', 'janvavra25@gmail.com', '', NULL, '602664870', '', '2014-02-10 23:02:34', 1, 0, 0, 0, 0, 0, 0, 0, 0, 0, 0),
	(83, 'Karolína', 'Jirků', 'karolina.rihova@seznam.cz', '', NULL, '605471609', '', '2014-02-11 00:08:59', 0, 1, 0, 0, 0, 0, 0, 0, 0, 0, 0),
	(84, 'Andrea', 'Slučiaková', 'ASluciakova@seznam.cz', 'Dlouhá Loučka 149 , 569 43 Jevíčko', NULL, '702925933', '', '2014-02-11 00:23:09', 1, 0, 0, 0, 0, 0, 0, 0, 0, 0, 1),
	(85, 'Kristýna', 'Kolářová', 'kristynkakolarova@seznam.cz', 'Chyšky 108, PSČ: 398 53 Chyšky', NULL, '721138153', '', '2014-02-11 09:54:48', 0, 1, 0, 0, 0, 0, 0, 0, 0, 0, 1),
	(87, 'Veronika', 'Krejčířová', 'v.krejcirova@seznam.cz', '', NULL, '601338976', '', '2014-02-11 14:12:29', 0, 0, 1, 0, 0, 0, 0, 0, 0, 0, 0),
	(88, 'David', 'Votava', 'figmaister@seznam.cz', '', NULL, '775487066', '', '2014-02-11 15:30:15', 1, 0, 0, 0, 0, 1, 0, 0, 0, 0, 0),
	(89, 'Martin', 'Třetina', 'martintretina@seznam.cz', '', NULL, '732671438', '', '2014-02-11 15:42:30', 1, 0, 0, 0, 0, 0, 0, 0, 0, 0, 0),
	(90, 'Richard', 'Pazdera', 'k.marova27@gmail.com', '', NULL, '733421256', '', '2014-02-11 16:28:39', 1, 0, 0, 0, 0, 0, 0, 0, 0, 0, 0),
	(91, 'Michaela', 'Zmeškalová', 'misazmeskalova@seznam.cz', '', NULL, '776875366', '', '2014-02-11 17:23:11', 1, 0, 0, 0, 0, 0, 0, 0, 0, 0, 0),
	(92, 'Nicol', 'Turzíková', 'Niikuskka@seznam.cz', '', NULL, '720170894', '', '2014-02-11 20:59:16', 1, 0, 0, 0, 0, 0, 0, 0, 0, 0, 0),
	(93, 'Martina', 'Blažková', 'martina.blazek@seznam.cz', '', NULL, '728089323', '', '2014-02-11 21:02:30', 0, 1, 0, 0, 0, 0, 0, 0, 0, 0, 0),
	(94, 'Roman', 'Keprt', 'rumca44@seznam.cz', 'Veleboř 8 78973 Úsov', NULL, '777529347', '', '2014-02-11 21:08:00', 1, 1, 0, 0, 0, 0, 0, 0, 0, 0, 0),
	(95, 'jakub', 'ležák', 'lezak.j@seznam.cz', '', NULL, '722922123', '', '2014-02-11 21:17:05', 1, 0, 0, 0, 0, 1, 0, 0, 0, 0, 0),
	(96, 'Filip', 'Grančarov', 'f.grancarov@seznam.cz', '', NULL, '773002572', '', '2014-02-11 21:56:42', 0, 0, 0, 0, 0, 1, 0, 0, 0, 0, 0),
	(97, 'Yvona', 'Pešlová', 'yvona.peslova@seznam.cz', '', NULL, '723791920', '', '2014-02-11 22:05:21', 0, 0, 0, 0, 0, 1, 0, 0, 0, 0, 0),
	(98, 'Andrea', 'Slučiaková', 'ASluciakova@seznam.cz', 'Dlouhá Loučka 149 , 569 43 Jevíčko', NULL, '702925933', 'Dlouhá Loučka 149 , 569 43 Jevíčko', '2014-02-11 22:25:28', 1, 0, 0, 0, 0, 0, 0, 0, 0, 0, 1),
	(99, 'Monika', 'Bartoňová', 'lo.oki@seznam.cz', '', NULL, '601362255', '', '2014-02-11 22:30:46', 1, 0, 0, 0, 0, 0, 0, 0, 0, 0, 0),
	(100, 'Adam', 'Křapa', 'gamer1212@email.cz', '', NULL, '736784374', '', '2014-02-11 22:45:36', 1, 0, 0, 0, 0, 0, 0, 0, 0, 0, 0),
	(101, 'Albert', 'Holibka', 'holibka-albert@seznam.cz', 'Na Úsoší 276, Háj ve Slezsku 747 92', NULL, '721948597', '', '2014-02-11 22:53:50', 1, 0, 0, 0, 0, 0, 0, 0, 0, 0, 1),
	(102, 'Matěj', 'Linhart', 'matejlinhart@seznam.cz', '', NULL, '608440717', '', '2014-02-11 22:57:03', 1, 0, 0, 0, 0, 0, 0, 0, 0, 0, 0),
	(103, 'Martin', 'Brotánek', 'brotym@gmail.com', '', NULL, '739550102', '', '2014-02-11 23:22:34', 0, 1, 0, 0, 0, 0, 0, 0, 0, 0, 0),
	(104, 'Jiří', 'Strakoš', 'j.strakos@rakord.cz', '', NULL, '733287068', '', '2014-02-12 06:42:18', 0, 1, 0, 0, 0, 0, 0, 0, 0, 0, 0),
	(105, 'Jakub', 'Kalnik', 'jakub.kalnik@seznam.cz', '', NULL, '604539946', '', '2014-02-12 07:43:28', 1, 1, 0, 0, 0, 0, 0, 0, 0, 0, 0),
	(106, 'Iva', 'Šenkýřová', 'ivasenkyr@seznam.cz', '', NULL, '722131327', '', '2014-02-12 10:43:40', 1, 0, 0, 0, 0, 0, 0, 0, 0, 0, 0),
	(107, 'Zuzana', 'Benešová', 'Zuzana.Benesova13@seznam.cz', '', NULL, '737645263', '', '2014-02-12 14:29:30', 1, 0, 0, 0, 0, 0, 0, 0, 0, 0, 0),
	(108, 'Jan', 'Vlk', 'leskoa@seznam.cz', '', NULL, '723912791', '', '2014-02-12 18:32:54', 0, 1, 0, 0, 0, 0, 0, 0, 0, 0, 0),
	(109, 'Jakub', 'Stejskal', 'cajme1273@gmail.com', '', NULL, '604594818', '', '2014-02-12 20:02:03', 0, 1, 0, 0, 0, 0, 0, 0, 0, 0, 0),
	(110, 'Václav', 'Korbelář', 'wenca16@email.cz', '', NULL, '607176555', '', '2014-02-12 22:05:04', 1, 0, 0, 0, 0, 0, 0, 0, 0, 0, 0),
	(111, 'Jakub', 'Kordík', 'erotickehry14@seznam.cz', '', NULL, '724507888', '', '2014-02-12 22:25:45', 1, 0, 0, 0, 0, 0, 0, 0, 0, 0, 0),
	(112, 'Aneta', 'Pastrňáková', 'a.pastrnakova@seznam.cz', '', NULL, '602448488', '', '2014-02-13 01:03:26', 0, 1, 0, 0, 0, 0, 0, 0, 0, 0, 0),
	(113, 'Martin', 'Lipták', 'liptinho@seznam.cz', '', NULL, '602460866', '', '2014-02-13 11:52:36', 0, 1, 0, 0, 0, 0, 0, 0, 0, 0, 0),
	(114, 'Adam', 'Kunzo', 'adamkunzo@seznam.cz', '', NULL, '732132460', '', '2014-02-13 14:08:06', 1, 0, 0, 0, 0, 0, 0, 0, 0, 0, 0),
	(115, 'Sára', 'Holanová', 'sariky-h@seznam.cz', '', NULL, '731736656', '', '2014-02-13 14:38:56', 0, 0, 0, 0, 0, 0, 0, 0, 1, 0, 0),
	(116, 'Monika', 'Hrubá', 'monca@usmej.se', '', NULL, '721732787', '', '2014-02-13 15:16:33', 1, 0, 0, 0, 0, 0, 0, 0, 0, 0, 0),
	(117, 'Zuzana', 'Věžníková', 'love-hope@seznam.cz', '', NULL, '606335242', 'Potrebovala bych hru zaslat jiz dnes, penize poslu hned dnes. Bude to mozne?', '2014-02-13 16:36:20', 0, 1, 0, 0, 0, 0, 0, 0, 0, 0, 0),
	(118, 'Ludmila', 'Krausová', 'lidka.krausova@gmail.com', 'lidka.krausova@gmail.com', NULL, '606484946', '', '2014-02-13 17:59:18', 1, 0, 0, 0, 0, 0, 0, 0, 0, 0, 0),
	(119, 'Adéla', 'Gazdová', 'm2a2j2a@seznam.cz', '', NULL, '733688281', '', '2014-02-13 18:06:00', 1, 0, 0, 0, 0, 0, 0, 0, 0, 0, 0),
	(120, 'Jakub', 'Beran', 'beryowen@seznam.cz', '', NULL, '605742910', '', '2014-02-13 18:17:25', 1, 0, 0, 0, 0, 0, 0, 0, 0, 0, 0),
	(121, 'Jan', 'dopita', 'dosedelpetr@seznam.cz', '', NULL, '602856452', '', '2014-02-13 18:22:38', 0, 0, 1, 0, 0, 0, 0, 0, 0, 0, 0),
	(122, 'Aneta', 'Šmotková', 'smotkova.aneta@seznam.cz', 'Švýcarská 2430, Kladno 272 01', NULL, '775444236', '', '2014-02-13 19:17:01', 1, 0, 0, 0, 0, 0, 0, 0, 0, 0, 1),
	(123, 'Kristýna', 'Jedličková', 'Christicek-wildicek@seznam.cz', '', NULL, '721348810', '', '2014-02-13 19:25:42', 1, 0, 0, 0, 0, 0, 0, 0, 0, 0, 0),
	(124, 'Vojtěch', 'Žůrek', 'vojtech099@gmail.com', '', NULL, '605526260', '', '2014-02-13 19:29:40', 1, 0, 0, 0, 0, 0, 0, 0, 0, 0, 0),
	(125, 'Miloš', 'Götz', 'milos.gotz@gmail.com', '', NULL, '773104591', '', '2014-02-13 19:37:45', 1, 0, 0, 0, 0, 0, 0, 0, 0, 0, 0),
	(126, 'Ondřej', 'Zeman', 'ozeman@email.cz', '', NULL, '739755904', '', '2014-02-13 19:51:36', 1, 0, 0, 0, 0, 0, 0, 0, 0, 0, 0),
	(127, 'veronika', 'kubů', 'kubu43@seznam.cz', 'valdštejnská 2108 litvnov', NULL, '605364774', '', '2014-02-13 20:16:01', 1, 1, 0, 0, 0, 0, 0, 0, 0, 0, 0),
	(128, 'Tomáš', 'Habart', 'tom.habart@seznam.cz', '', NULL, '732980513', '', '2014-02-14 00:53:36', 0, 1, 0, 0, 0, 0, 0, 0, 0, 0, 0),
	(129, 'petra', 'sediva', 'pethushkaaa1@seznam.cz', '', NULL, '728514041', '', '2014-02-14 03:59:22', 0, 0, 0, 0, 0, 0, 0, 0, 1, 0, 0),
	(130, 'petra', 'sediva', 'pethushkaaa1@seznam.cz', '', NULL, '728514041', '', '2014-02-14 03:59:54', 0, 0, 0, 0, 0, 0, 0, 0, 1, 0, 0),
	(131, 'David', 'Křivka', 'davigenko@seznam.cz', '', NULL, '732312421', '', '2014-02-14 12:03:06', 1, 0, 0, 0, 0, 0, 0, 0, 0, 0, 0),
	(132, 'Andrea', 'Dvořáková', 'Andyska08@seznam.cz', '', NULL, '608199821', '', '2014-02-14 12:14:05', 1, 0, 0, 0, 0, 0, 0, 0, 0, 0, 0),
	(133, 'Dan', 'Strnad', 'danik686@gmail.com', '', NULL, '775103483', '', '2014-02-14 14:26:58', 0, 1, 0, 0, 0, 0, 0, 0, 0, 0, 0),
	(134, 'Bohuslav', 'Juráš', 'Ghait@seznam.cz', '', NULL, '608635704', '', '2014-02-14 14:56:43', 1, 0, 0, 0, 0, 0, 0, 0, 0, 0, 0),
	(135, 'Eliška', 'Baleková', 'eliska.balekova@seznam.cz', '', NULL, '776663712', '', '2014-02-14 15:02:54', 1, 0, 1, 0, 0, 0, 0, 0, 0, 0, 0),
	(136, 'Michal', 'Švec', 'm.svec@volny.cz', '', NULL, '608734024', '', '2014-02-14 17:16:42', 1, 0, 1, 0, 0, 0, 0, 0, 0, 0, 0),
	(137, 'Tomáš', 'Kovaříček', 'cvrcektomas@email.cz', '', NULL, '778037263', '', '2014-02-14 18:53:30', 1, 0, 0, 0, 0, 0, 0, 0, 0, 0, 0),
	(138, 'Patrik Havlíček', 'Havlíček', 'patrikh12@seznam.cz', 'Průmyslová 285, Strančice 251 63', NULL, '776026441', '', '2014-02-14 23:08:49', 1, 0, 0, 0, 0, 0, 0, 0, 0, 0, 1),
	(139, 'Daniel', 'Tvrdý', 'TVRDy25@seznam.cz', '', NULL, '+420775216257', '', '2014-02-15 18:25:08', 1, 0, 0, 0, 0, 0, 0, 0, 0, 0, 0),
	(140, 'Lucie', 'Slepánková', 'lucka.slepankova@seznam.cz', '', NULL, '731445370', '', '2014-02-15 20:12:24', 0, 0, 0, 0, 0, 1, 0, 0, 0, 0, 0),
	(141, 'Štěpán', 'Hořeňovský', 'stepanhorenovsky@seznam.cz', '', NULL, '774810577', '', '2014-02-17 22:26:36', 1, 0, 0, 0, 0, 0, 0, 0, 0, 0, 0),
	(142, 'sw', 'd', 'michal.janutka@centrum.cz', '', NULL, '7799', '', '2014-02-19 17:40:03', 0, 0, 0, 0, 0, 0, 0, 0, 0, 0, 0),
	(143, 'Marie', 'Klementová', 'maja.klementova@seznam.cz', '', NULL, '733 174 217', '', '2014-02-20 20:22:37', 1, 0, 0, 0, 0, 0, 0, 0, 0, 0, 0),
	(144, 'Petr', 'Rosol', 'rosol.petr@seznam.cz', 'Doupě 33', NULL, '739175799', '', '2014-02-20 20:38:54', 1, 0, 0, 0, 0, 0, 0, 0, 1, 0, 1),
	(145, 'Jaroslava', 'Říhová', 'jarca.rihova@seznam.cz', '', NULL, '605198131', '', '2014-02-20 21:00:26', 1, 0, 0, 0, 0, 0, 0, 0, 0, 0, 0),
	(146, 'David', 'Hůlka', 'david.hulka@seznam.cz', '', NULL, '774095665', '', '2014-02-20 21:54:20', 1, 0, 0, 0, 0, 0, 0, 0, 0, 0, 0),
	(147, 'Luboš', 'Hromadík', 'lubin.h@seznam.cz', 'Šafov 52. pčs. 67106', NULL, '602542930', '', '2014-02-21 11:04:09', 1, 0, 1, 0, 0, 0, 0, 0, 0, 0, 1),
	(148, 'Michal', 'Cibulka', '1995misel@seznam.cz', '', NULL, '732716259', '', '2014-02-23 13:22:31', 1, 0, 0, 0, 0, 0, 0, 0, 0, 0, 0),
	(149, 'Jan', 'Horák', 'ferda.horak@seznam.cz', '', NULL, '739311474', '', '2014-02-24 16:13:42', 0, 0, 0, 0, 0, 1, 0, 0, 0, 0, 0),
	(150, 'Nikola', 'Jílková', 'nilaaa@seznam.cz', '', NULL, '733202290', '', '2014-02-25 20:16:30', 0, 0, 0, 0, 0, 1, 0, 0, 0, 0, 0),
	(151, 'Dan', 'Jebkovec', 'tarsan23@seznam.cz', '', NULL, '732939648', '', '2014-02-26 13:01:28', 0, 0, 1, 0, 0, 0, 0, 0, 1, 0, 0),
	(152, 'Veronika', 'Umlaufová', 'veronika.umlaufova@seznam.cz', '', NULL, '724335354', '', '2014-02-26 14:36:36', 0, 1, 0, 0, 0, 0, 0, 0, 0, 0, 0),
	(153, 'dfg', 'dfg', 'sdf@dfg.fg', '', NULL, '654125457', '', '2014-02-26 17:21:37', 0, 0, 0, 0, 0, 1, 0, 0, 0, 0, 0),
	(154, 'Lucie', 'Vaváková', 'vava.lulu@email.cz', '', NULL, '604825797', '', '2014-02-26 20:08:27', 0, 1, 0, 0, 0, 0, 0, 0, 0, 0, 0),
	(155, 'Veronika', 'Kadeřábková', 'very.k.witch@seznam.cz', '', NULL, '605146624', '', '2014-02-26 20:23:00', 1, 0, 0, 0, 0, 0, 0, 0, 0, 0, 0),
	(156, 'Klara', 'Soukupova', 'klara.souku.pova@seznam.cz', '', NULL, '607694063', '', '2014-02-26 20:23:47', 1, 0, 0, 0, 0, 0, 0, 0, 0, 0, 0),
	(157, 'Michal', 'Vavrák', 'michal.vavrak@centrum.cz', '', NULL, '773185743', '', '2014-02-26 20:48:20', 0, 1, 0, 0, 0, 0, 0, 0, 0, 0, 0),
	(158, 'Marek', 'Lazovan', 'marek.lazovan@seznam.cz', 'Hovezi 479 75601 okres Vsetin', NULL, '604420057', '', '2014-02-26 20:58:48', 0, 0, 1, 0, 0, 0, 0, 0, 1, 0, 1),
	(159, 'Michal', 'richter', 'richty@centrum.cz', '', NULL, '725513146', '', '2014-02-26 21:11:05', 0, 0, 0, 0, 0, 0, 0, 0, 1, 0, 0),
	(160, 'Petr Vaněk', 'Vaněk', 'fabregas.gunners@seznam.cz', '', NULL, '774929365', '', '2014-02-26 21:25:28', 1, 0, 0, 0, 0, 0, 0, 0, 0, 0, 0),
	(161, 'petr', 'kuráň', 'kuranpetr@seznam.cz', '', NULL, '604713300', '', '2014-02-26 22:20:44', 0, 0, 0, 0, 0, 0, 0, 0, 1, 0, 0),
	(162, 'Lukáš', 'Žlab', 'zlabl@seznam.cz', 'Achátová 1701,Nová Paka,50901', NULL, '722536317', '', '2014-02-27 01:57:46', 1, 1, 0, 0, 0, 0, 0, 0, 0, 0, 1),
	(163, 'Josef', 'Kabát', 'kr.josef.kabat@seznam.cz', 'Krásná Hora nad Vltavou 198', NULL, '724589905', '', '2014-02-27 11:25:46', 0, 0, 1, 0, 0, 0, 0, 0, 0, 0, 1),
	(164, 'Josef', 'kabát', 'kr.josef.kabat@seznam.cz', 'Krásná Hora nad Vltavou 198', NULL, '724589905', '', '2014-02-27 11:46:23', 0, 0, 0, 0, 0, 0, 0, 0, 0, 0, 1),
	(165, 'Adam', 'Mayer', 'fiveseven@seznam.cz', '', NULL, '723470156', '', '2014-02-27 12:32:58', 0, 1, 0, 0, 0, 0, 0, 0, 0, 0, 0),
	(166, 'Martin', 'Blahút', 'blahutmartin11@gmail.com', '', NULL, '736654133', '', '2014-02-27 17:11:46', 1, 0, 0, 0, 0, 0, 0, 0, 0, 0, 0),
	(167, 'Michal', 'Křeček', 'michal.krecek@seznam.cz', 'Školní 145, Doksy 273 64', NULL, '721590049', '', '2014-02-27 18:05:09', 0, 1, 0, 0, 0, 0, 0, 0, 0, 0, 1),
	(168, 'Adam', 'Všetíček', 'adamvseticek@gmail.com', '', NULL, '724315495', '', '2014-02-27 18:32:47', 1, 0, 0, 0, 0, 0, 0, 0, 0, 0, 0),
	(169, 'Jiří', 'Nádvorník', 'jiri.nadvornik1@seznam.cz', '', NULL, '737004297', '', '2014-02-27 19:04:45', 0, 1, 0, 0, 0, 0, 0, 0, 0, 0, 0),
	(170, 'Jara Grossmann', 'Grossmann', 'jaragrossmann@seznam.cz', '', NULL, '775966934', '', '2014-02-28 16:46:52', 1, 0, 0, 0, 0, 0, 0, 0, 0, 0, 0),
	(171, 'Petr', 'Calta', 'calpedro@seznam.cz', '', NULL, '774972810', '', '2014-03-01 13:27:43', 0, 1, 0, 0, 0, 0, 0, 0, 0, 0, 0),
	(172, 'Katka', 'Kohlová', 'katakohlova@seznam.cz', '', NULL, '702836601', '', '2014-03-03 15:24:58', 1, 0, 0, 0, 0, 0, 0, 0, 0, 0, 0),
	(173, 'Adéla', 'Pochylá', 'adelapochyla@seznam.cz', '', NULL, '731946626', '', '2014-03-04 18:17:09', 1, 0, 0, 0, 0, 0, 0, 0, 0, 0, 0),
	(174, 'Jakub', 'Vaculík', 'vaculik23@seznam.cz', '', NULL, '739668848', '', '2014-03-04 19:16:46', 1, 0, 0, 0, 0, 0, 0, 0, 0, 0, 0),
	(175, 'Petr', 'Janda', 'pedrox@centrum.cz', 'Čáslav, Zahradní 1391, PSC: 28601', NULL, '733299078', '', '2014-03-07 10:45:05', 1, 1, 1, 0, 0, 1, 0, 0, 1, 0, 1),
	(176, 'Jiří', 'Jurásek', 'jurkuj@email.cz', '', NULL, '777288920', '', '2014-03-07 22:36:09', 0, 1, 0, 0, 0, 0, 0, 0, 0, 0, 0),
	(177, 'Eva', 'Puskarčíková', 'puskarcikova.E@seznam.cz', '', NULL, '776948032', '', '2014-03-15 07:44:10', 1, 0, 0, 0, 0, 0, 0, 0, 0, 0, 0),
	(178, 'Jan', 'Kadrnožka', 'honza@kadrnozka.cz', '', NULL, '736240803', 'Nesouhlasím s použitím svých údajů k jakýmkoli jiným účelům než je zpracování a vyřízení této objednávky, zejména pak nesouhlasím s jejich zveřejňováním, předáváním 3. osobám ani využíváním k reklamním a propagačním účelům.', '2014-03-17 12:52:37', 0, 1, 0, 0, 0, 0, 0, 0, 0, 0, 0),
	(179, 'Michal', 'Krbec', 'KrbecMichal@seznam.cz', '', NULL, '739710660', '', '2014-03-17 17:08:16', 1, 0, 0, 0, 0, 0, 0, 0, 0, 0, 0),
	(180, 'Petr', 'Caha ml.', 'caha.petr.ml@gmail.com', 'Vysoké Studnice 75', NULL, '608002252', '', '2014-03-25 10:16:18', 0, 1, 0, 0, 0, 0, 0, 0, 0, 0, 1),
	(181, 'Daniel', 'Navrátil', 'navratil.dandinho@seznam.cz', 'Lhota 119  Pačlavice 76834', NULL, '733688281', 'Prosím o diskrétní zabalení.', '2014-04-05 18:13:18', 1, 1, 1, 0, 0, 0, 0, 0, 0, 0, 1),
	(182, 'Michal', 'Gančarčík', 'gancarcik@seznam.cz', 'Losertova 76, Lipník nad Bečvou 75131', NULL, '724747669', '', '2014-04-16 11:51:08', 0, 1, 0, 0, 0, 0, 0, 0, 0, 0, 1),
	(183, 'David', 'Únas', 'sgwg02@seznam.cz', '', NULL, '777555666', '', '2014-04-24 22:09:08', 0, 1, 0, 0, 0, 0, 0, 0, 0, 0, 0),
	(184, 'Jiří', 'Vaníček', 'jirivanicekk@seznam.cz', '', NULL, '734553845', '', '2014-04-30 06:57:04', 1, 1, 1, 0, 0, 1, 0, 0, 1, 0, 0),
	(185, 'Nikola', 'Vopěnková', 'vopenkova.nikola@seznam.cz', '', NULL, '720192602', '', '2014-04-30 11:26:04', 0, 1, 0, 0, 0, 0, 0, 0, 0, 0, 0);
/*!40000 ALTER TABLE `eshop_games_orders` ENABLE KEYS */;

-- Exportování dat pro tabulku pos.files: ~0 rows (přibližně)
/*!40000 ALTER TABLE `files` DISABLE KEYS */;
INSERT INTO `files` (`id`, `id_page`, `name`, `suffix`, `special_condition`) VALUES
	(1, 13, 'Fotogalerie', 'pdf', 1),
	(2, NULL, 'Obchodní podmínky', 'doc', 0);
/*!40000 ALTER TABLE `files` ENABLE KEYS */;

-- Exportování dat pro tabulku pos.forms: ~0 rows (přibližně)
/*!40000 ALTER TABLE `forms` DISABLE KEYS */;
INSERT INTO `forms` (`id`, `name`, `type`) VALUES
	(2, 'Přiznání o sexu', 1),
	(3, 'Poradna', 2),
	(4, 'Přiznání z pařby', 3);
/*!40000 ALTER TABLE `forms` ENABLE KEYS */;

-- Exportování dat pro tabulku pos.friendrequest: ~0 rows (přibližně)
/*!40000 ALTER TABLE `friendrequest` DISABLE KEYS */;
/*!40000 ALTER TABLE `friendrequest` ENABLE KEYS */;

-- Exportování dat pro tabulku pos.friends: ~0 rows (přibližně)
/*!40000 ALTER TABLE `friends` DISABLE KEYS */;
INSERT INTO `friends` (`id`, `user1ID`, `user2ID`) VALUES
	(1, 4, 3),
	(2, 3, 4),
	(3, 3, 1);
/*!40000 ALTER TABLE `friends` ENABLE KEYS */;

-- Exportování dat pro tabulku pos.galleries: ~0 rows (přibližně)
/*!40000 ALTER TABLE `galleries` DISABLE KEYS */;
INSERT INTO `galleries` (`id`, `name`, `sexmode`, `partymode`, `competition`, `description`, `imageUrl`, `current`, `lastImageID`) VALUES
	(3, 'Obrázky 18+', 0, 0, 0, '', '', 0, NULL),
	(4, 'Sputěž o nejlepší fotku z párty', 0, 0, 1, '', '', 0, NULL),
	(5, 'Nejhezčí prsa 2013', 1, 0, 1, 'Rozhodněte, která z našich fanynek má nejhezčí prsa pro rok 2013! Soutěžte také a vyhrajte dárek pod stromeček.', 'images/galleries/5/79.JPG', 0, NULL),
	(6, 'Vánoční a Silvestrovská soutěž', 0, 1, 1, 'Soutěž o nejlepší fotku z pařby s Vánoční nebo Silvestrovskou tématikou', '', 1, NULL),
	(8, 'Nejhezčí pánský zadek 2014', 1, 0, 1, 'Soutěž o nejhezčí pánský zadek v uplých boxerkách pro rok 2014.', 'images/galleries/8/361.jpg', 1, NULL),
	(9, 'Od fanoušků Přiznání o sexu', 1, 0, 0, 'Žhavé erotické fotky od našich fanoušků.', 'images/galleries/9/534.jpg', 1, 552),
	(10, 'Vtípky', 0, 0, 0, '', '', 0, NULL);
/*!40000 ALTER TABLE `galleries` ENABLE KEYS */;

-- Exportování dat pro tabulku pos.images: ~0 rows (přibližně)
/*!40000 ALTER TABLE `images` DISABLE KEYS */;
INSERT INTO `images` (`id`, `galleryID`, `videoID`, `name`, `comment`, `user_name`, `user_phone`, `user_email`, `suffix`, `order`, `userID`, `idInGallery`, `approved`, `widthGalScrn`, `heightGalScrn`) VALUES
	(48, 4, NULL, 'Vodka pártyyyyy :-)', 'Takhle slaví narozeniny v Budějovicích :-)', 'Petr Kukrál', '773538835', 'p.kukral@jkbusiness.cz', 'jpg', 0, NULL, NULL, 0, 700, 525),
	(49, 4, NULL, 'Trošku přehnané', 'Jojo člověk je vysmaty když do sebe dostane 2L z kapaček :D:D', 'Martin Hruška', '731832218', 'enkosteam@seznam.cz', 'jpg', 0, NULL, NULL, 0, 700, 465),
	(50, 4, NULL, 'Ladies night', '', 'Lenka králova', '725 812 621', 'Lenka.smucrova@gmail.com', 'jpg', 0, NULL, NULL, 0, 394, 525),
	(51, 4, NULL, 'Kámoš', 'Rybu si chytil sám- :-D', 'Ladislav Tregr', '721235425', 'minecraft500900@seznam.cz', 'jpg', 0, NULL, NULL, 0, 394, 525),
	(52, 4, NULL, 'Party Hard !', '', 'Simona Vysloužilová', '604 959 661', 's.i.m.c.as@seznam.cz', 'jpg', 0, NULL, NULL, 0, 525, 525),
	(53, 4, NULL, 'Kontrola správného navoskování auta', 'Nepotřebuje komentář! :D', 'Lucie Flíčková', '725497003', 'lucie.flickova@gmail.com', 'jpg', 0, NULL, NULL, 0, 700, 525),
	(54, 4, NULL, 'Těžká to noc', '', 'Tomáš Mondek', '234631970', 'mondto@seznam.cz', 'JPG', 0, NULL, NULL, 0, 700, 525),
	(55, 4, NULL, 'Style Pařba', 'Vypil moc rumu a usnul moc brzo tak sme si kreslili + sme mu oholili nohu a trochu hlavy ', 'David Hošek', '731816673', 'tiuso@seznam.cz', 'jpg', 0, NULL, NULL, 0, 700, 525),
	(56, 4, NULL, 'Pragazmrd', '...', 'David Štark', '+393896564 / +420737764875', 'stark.david@seznam.cz', 'jpg', 0, NULL, NULL, 0, 700, 523),
	(57, 4, NULL, 'Párty', 'Ráno po oslavě mojich narozenin, jo chudák motorka :D', 'Jiří Hocke', '721 554 493', 'j.hokac@seznam.cz', 'jpg', 0, NULL, NULL, 0, 700, 394),
	(58, 4, NULL, 'party hard- HRDLY', 'Usnout na kalbě? se nevyplácí ,D', 'Hovno hovno', '567890987', 'hovno@seznam.cz', 'jpg', 0, NULL, NULL, 0, 700, 523),
	(59, 4, NULL, 'Narozeniny', 'Když máte super přátelé', 'Karel', '773898086', 'Loupak.mb@seznam.cz', 'jpg', 0, NULL, NULL, 0, 700, 525),
	(60, 4, NULL, 'Klasik', 'Když se daří, tak se daří', 'Ondra', '732836736', 'klarabej@seznam.cz', 'jpg', 0, NULL, NULL, 0, 700, 525),
	(61, 4, NULL, 'Adam zahradník :D', '', 'Nikola', '776322999', 'cabadova.nikol@email.cz', 'JPG', 0, NULL, NULL, 0, 392, 525),
	(62, 4, NULL, 'Spokojenost, jak má být ... ;)', 'Není nic hezčího, než když vás obklopí krásné slečny ;)', 'Miroslav Daniel Novotný', '777535365', 'miro.novotny@email.cz', 'jpg', 0, NULL, NULL, 0, 700, 525),
	(63, 4, NULL, 'Póza s kozlem :-)', 'Začalo to kozlem, skončilo to opicí :-)', 'Rudolf Balín', '723537252', 'rbalin@seznam.cz', 'jpg', 0, NULL, NULL, 0, 700, 525),
	(64, 4, NULL, 'A to se takhle jednou bumbalo...', 'Jedna z narozeninových pařbiček v Plzni ;)', 'Daniel Novotný', '777535365', 'movoo636@gmail.com', 'jpg', 0, NULL, NULL, 0, 700, 525),
	(65, 4, NULL, 'Záchvat :-)', 'Když jste na plech, nejde se přestat smát :-)', 'Kamila Pokorná', '608836171', 'j.kukralova@seznam.cz', 'jpg', 0, NULL, NULL, 0, 700, 525),
	(66, 4, NULL, 'Radoš na kolejích', 'V kolik hodin jede ten vlak?', 'Filip Mrázek', '723775923', 'feefa@stream.cz', 'jpg', 0, NULL, NULL, 0, 700, 394),
	(67, 4, NULL, 'PARTY HARD', '', 'Čěněk Tvrdoň', '723629199', 'tvrdon.c@seznam.cz', 'JPG', 0, NULL, NULL, 0, 640, 480),
	(68, 4, NULL, 'House Party', 'Když první vytuhnete nevyplácí se to ;)', 'Vojta Troják', '734359283', 'trojakv95@centrum.cz', 'jpg', 0, NULL, NULL, 0, 700, 394),
	(69, 4, NULL, 'I obyčejná krabice dokáže potěšit', 'Tam se vejdem všicí', 'Leila Seidlová', '605296691', 'Seidlova.leila@gmail.com', 'jpg', 0, NULL, NULL, 0, 525, 525),
	(70, 4, NULL, 'Frky :)', '', 'Jakub Farkaš', '776250234', 'frki.kuba@seznam.cz', 'jpg', 0, NULL, NULL, 0, 394, 525),
	(71, 4, NULL, 'Robin', 'Nevyplácí se usnout jako první :)', 'Jan Ptáček', '608552516', 'Hanis815@seznam.cz', 'JPG', 0, NULL, NULL, 0, 700, 525),
	(72, 4, NULL, 'Kmenové tetování -  typ kocour', '', 'Jan Kolářský', '728403603', 'jankolarsky@seznam.cz', 'jpg', 0, NULL, NULL, 0, 394, 525),
	(73, 4, NULL, 'Míša a Pája(jsou spolu už 5 let)', '', 'Lucie Malíková', '732626410', 'malikova.lucka@email.cz', 'jpg', 0, NULL, NULL, 0, 700, 525),
	(74, 4, NULL, 'Good Night', 'Raději žádný komentář.', 'Jakub Beran', '605742910', 'beryowen@seznam.cz', 'jpg', 0, NULL, NULL, 0, 700, 467),
	(79, 5, NULL, 'kůzlata :)', '', 'Soňa Doleželová', '733339911', 'Snoopynka28@seznam.cz', 'JPG', 0, NULL, 5, 1, 700, 525),
	(84, 5, NULL, 'Prsíčka :)', 'Sice je tam obrácené Z,ale psala jsem si to sama před zrcadlem :).Když vyhraji,bude to dáreček pro mého přítele,protože jsem nikdy nenašla odvahu si něco takového koupit :D :)', 'Denisa Sachová', '720668278', 'ponink@seznam.cz', 'JPG', 0, NULL, NULL, 1, 700, 525),
	(92, 5, NULL, '3.. :* <3', 'To co jen tak v mým věku někdo nemá ;)...', 'Valeryia Khaladok', '775200394', 'valca001@seznam.cz', 'jpg', 0, NULL, NULL, 1, 700, 525),
	(94, 5, NULL, 'Lentylky :p', 'Malé a milé :p Ať se vám líbí nebo ne, já je miluju!! :p', 'Tereza', 'Papoušková', 'Papinka1997@seznam.cz', 'JPG', 0, NULL, NULL, 1, 394, 525),
	(95, 5, NULL, 'Kůzlátka', 'Do soutěže jsem se přihlásila, abych udělala příteli radost případnou výhrou :))', 'Kateřina Studená', '732225756', 'studena.katerina@centrum.cz', 'jpg', 0, NULL, NULL, 1, 700, 525),
	(96, 5, NULL, 'SMILE', '', 'Petra', '721956970', 'artep91@seznam.cz', 'jpg', 0, NULL, NULL, 1, 700, 482),
	(98, 5, NULL, 'Prsa :)', '', 'Kristýna Jánešová', '+420 605 580 614', 'Tyna@seznam.cz', 'png', 0, NULL, NULL, 1, 440, 358),
	(99, 5, NULL, 'Moje :P', 'Moje :P', 'Monika Lojdová', '724911645', 'monika.lojd@seznam.cz', 'jpg', 0, NULL, NULL, 1, 700, 525),
	(100, 5, NULL, 'Moje', '', 'Slávka Danieliková', '0910457807', 'modrafiala@azet.sk', 'jpg', 0, NULL, NULL, 1, 640, 480),
	(102, 5, NULL, ':)', ':)', 'Monika', '606354433', 'samanapa@centrum.cz', 'jpg', 0, NULL, NULL, 1, 700, 469),
	(103, 5, NULL, 'Prcinka', 'Ohh jak já je miluji', 'Jana Vacková', '605536319', 'vackova6janca@email.cz', 'JPG', 0, NULL, NULL, 1, 510, 525),
	(107, 5, NULL, 'Kozy krane kozy meee :-)))))', '', 'Sandra Berishaj', '773992436', 's.bigi.07@seznam.cz', 'jpg', 0, NULL, NULL, 1, 700, 525),
	(110, 5, NULL, 'Ňadérka :3', '', 'Karolína Mrkvičková', '731238427', 'karolinkam.5@gmail.com', 'jpg', 0, NULL, NULL, 1, 700, 525),
	(114, 5, NULL, 'Milované poprsí :P', '', 'Míša', '724277810', 'x.x.misicka.x.x@seznam.cz', 'jpg', 0, NULL, NULL, 1, 700, 466),
	(115, 5, NULL, 'Boobs', 'Just my lovely breasts :)', 'Barbora Hynková', '608205307', 'Hybarbara@seznam.cz', 'JPG', 0, NULL, NULL, 1, 627, 525),
	(116, 5, NULL, 'Dvojčátka :)', 'S těmihle nádherami se mohu mazlit :D', 'Jakub Landa', '+420 721 220 214', 'dejavr@seznam.cz', 'jpg', 0, NULL, NULL, 1, 394, 525),
	(118, 5, NULL, 'Pasu na louce', 'hrdá majitelka pevnejch čtyřek :) :P', 'Patrik Bron', '721607390', 'p.bron@centrum.cz', 'jpg', 0, NULL, NULL, 1, 641, 525),
	(120, 5, NULL, 'Prsa<3', '(Y)', 'Jan Svatuška', '723115177', 'svitkovskymikulas@seznam.cz', 'JPG', 0, NULL, NULL, 1, 700, 433),
	(122, 5, NULL, '2kočičky a jejich kozičky :P', '', 'Převrátilová Holubová', '721445102', 'nimfadora@centrum.cz', 'jpg', 0, NULL, NULL, 0, 700, 505),
	(125, 5, NULL, 'mmm kozy', 'líbí se ti mé kozičky?? :) like, pleas', 'Šárka', '777140989', 'sarynecka@seznam.cz', 'jpg', 0, NULL, NULL, 1, 700, 525),
	(126, 5, NULL, 'Milík :)', 'zas tak velký nejsou :p jen F :D', 'Milena Hulešová', '605165883', 'milik15@centrum.cz', 'JPG', 0, NULL, NULL, 1, 700, 525),
	(129, 5, NULL, 'Moje bonga bonga :D', 'Jsem s nima spokojená :))', 'Eva', '721183714', 'Evina.Pupik@seznam.cz', 'jpg', 0, NULL, NULL, 1, 640, 480),
	(130, 5, NULL, 'Kozičky za hubičku :-*', '', 'Pavlína Najzarová', '737068944', 'pavlina.najzarova@email.cz', 'jpg', 0, NULL, NULL, 1, 599, 525),
	(132, 5, NULL, 'melounky2 :D', '', 'Sabina Matoušková', '605776213', 'sabinka.matouskova@seznam.cz', 'jpg', 0, NULL, NULL, 1, 602, 336),
	(135, 5, NULL, '*', '*', 'Esther', '739069394', 'esther.esicko@seznam.cz', 'jpg', 0, NULL, NULL, 1, 700, 393),
	(151, 5, NULL, 'Přírodní Déčka', 'Ráda si je denně pod peřinkou "masíruji" :) ', 'Nikola', '725823752', 'NikolaVojtaskova@seznam.cz', 'JPG', 0, NULL, NULL, 1, 640, 480),
	(152, 5, NULL, 'mňaaau', 'Líbí se ti moje hvězdy ?\r\nPokud ano dej to se mi líbí, ať můžu vyhrát sexy obleček a slibuji, že o fotečku se neošidíte ;)*', 'Barbora Rajtrová', '731904651', 'Rajtrova.Barbora@seznam.cz', 'jpg', 0, NULL, NULL, 1, 381, 525),
	(156, 5, NULL, 'miláčci', 'Pardon za chybu psala jsem to sama :D moje nejlepší :**', 'Miska Kuhnova', '736122358', '7kuhna7@seznam.cz', 'jpg', 0, NULL, NULL, 1, 700, 420),
	(157, 5, NULL, 'Kozičky :)', 'Sice malé, ale roztomilé :P', 'Veronika Brojerová', '734636236', 'verulinka.77@seznam.cz', 'jpg', 0, NULL, NULL, 1, 438, 525),
	(158, 5, NULL, 'Vyžeň kozičky v háj!', 'trocha volnosti :)', 'Martina', '725048266', 'Martina.Souckova2@seznam.cz', 'JPG', 0, NULL, NULL, 1, 700, 525),
	(159, 5, NULL, 'Boobies :)', 'Ready for action :)', 'Anet Schleisová', '733637281', 'aschleisova@seznam.cz', 'jpg', 0, NULL, NULL, 1, 700, 458),
	(160, 5, NULL, 'Moje jahůdky', 'Líbí?', 'Nikola', '603 271 574', 'starni96@seznam.cz', 'jpg', 0, NULL, NULL, 1, 360, 525),
	(161, 5, NULL, 'o_o', '', 'Martina', '723562234', 'marsinou@seznam.cz', 'JPG', 0, NULL, NULL, 1, 700, 493),
	(162, 5, NULL, 'pozná mne někdo? :P', 'uznávám, nevychytala jsem odraz písma, takže hateři, dejte si oraz :) ', 'Kristýna Halwigerová', '774583385', 'hedwika.15@seznam.cz', 'jpg', 0, NULL, NULL, 1, 700, 525),
	(163, 5, NULL, ':)', 'kozy...:)', 'Viktória Filiczká', '724539265', 'filiczkaviki@seznam.cz', 'jpg', 0, NULL, NULL, 1, 700, 525),
	(164, 5, NULL, ':-)', 'Líbí? Nelíbí? Řekni svůj názor ;-)', 'Lucie Lišková', '605580732', '01234567@centrum.cz', 'jpg', 0, NULL, NULL, 1, 646, 389),
	(166, 5, NULL, 'kozičky :3', 'Luxusní prsa mojí přítelkyně :)', 'Lucie Matušková', '730633738', 'lucka12345678910@seznam.cz', 'jpg', 0, NULL, NULL, 1, 700, 525),
	(167, 5, NULL, ':P', '', 'Lucy Willow', '728496132', 'lucinaax@gmail.com', 'jpg', 0, NULL, NULL, 1, 376, 525),
	(168, 5, NULL, 'MY BOOBS', '', 'lucie rosecka', '607598904', 'l.rosecka@seznam.cz', 'jpg', 0, NULL, NULL, 1, 501, 525),
	(175, 5, NULL, 'já s hračkou :P', 'mám ráda různé hračky, oblečeky  taky... :D líbí?', 'Romča', '775371404', 'sw.romi@hotmail.com', 'jpg', 0, NULL, NULL, 1, 700, 525),
	(180, 5, NULL, ':P', ':P', 'Tereza Pěchoučková', '775 945 620', 'pechouckovat@seznam.cz', 'JPG', 0, NULL, NULL, 1, 700, 449),
	(182, 5, NULL, ';) :*', '', 'Marta Rojtova', '733 391 464', 'RojtovaM@gmail.com', 'jpg', 0, NULL, NULL, 1, 700, 466),
	(185, 5, NULL, 'kuk :*', 'za zkoušku nic nedám :P', 'Tereza Salačová', '722233377', 'ter.salacova@seznam.cz', 'jpg', 0, NULL, NULL, 1, 700, 525),
	(186, 5, NULL, ':)', '', 'Ilona Fialová', '+420775147582', 'ilona.fialova@gmail.com', 'JPG', 0, NULL, NULL, 1, 634, 525),
	(189, 5, NULL, 'nymfomanka', 'snad se budou líbit ;) představte si je i v tom sexy oblečku :)', 'Monika Procházková', '733232520', 'moniprochazkova6@seznam.cz', 'JPG', 0, NULL, NULL, 1, 700, 525),
	(191, 5, NULL, 'Ahoj:**', 'Tak já taky no :P', 'Michaela Himlová', '606237629', 'michala1997@seznam.cz', 'jpg', 0, NULL, NULL, 1, 700, 394),
	(193, 5, NULL, 'Moje kočičky', 'Když je miluješ, není co řešit :)', 'Nikola', '725823752', 'NikolaVojtaskova@seznam.cz', 'jpg', 0, NULL, NULL, 1, 700, 525),
	(197, 6, NULL, 'Vánoční soutěž', 'Taky se u vás na každé vánoční párty kluci vytahují, kdo je silnější? Na mojí neustále :-)', 'Kuku', '774181584', 'kuku@sro.cz', 'jpg', 0, NULL, NULL, 1, 700, 525),
	(198, 6, NULL, 'Spíme', '"Už se na to nemohl dívat" :-)', 'Kuku', '774181584', 'j.kukralova@jkbusiness.cz', 'jpg', 0, NULL, NULL, 0, 700, 525),
	(199, 6, NULL, 'A jedem :-)', 'Piva není nikdy dost :-)', 'Kuku', '774181584', 'j.kukralova@jkbusiness.cz', 'jpg', 0, NULL, NULL, 1, 525, 584),
	(200, 6, NULL, 'Alcohol connecting people :-)', 'Na pivču :-)', 'Kuku', '774181584', 'j.kukralova@jkbusiness.cz', 'jpg', 0, NULL, NULL, 1, 700, 525),
	(201, 6, NULL, 'Oslava', 'Zakempení v hospodě', 'Mráz Jiří', '702523461', 'mrazik.14@seznam.cz', 'jpg', 0, NULL, NULL, 1, 700, 525),
	(202, 6, NULL, 'Tour de our town', ',,Lehce" jsme se opili a při přemístění do dalšího baru jsme narazili na tento luxusní stroj, který jsem musel za každou cenu vyzkoušet.', 'Patrik Truhlář', '732952986', 'patrik.rybar@centrum.cz', 'jpg', 0, NULL, NULL, 1, 394, 525),
	(203, 6, NULL, 'Slůně :-)', 'Nenápadná párty a jak se zvrhla :-)', 'Jakub Sedlák', '774181584', 'j.kukralova@seznam.cz', 'jpg', 0, NULL, NULL, 1, 394, 525),
	(204, 6, NULL, 'Zavřete oči, odcházím :-)', '', 'Jakub Sedlák', '774181584', 'j.kukralova@jkbusiness.cz', 'jpg', 0, NULL, NULL, 1, 402, 480),
	(205, 6, NULL, 'Kalbáá', 'Nikdy neusínejte jako první -_-', 'Gabriela', '732746625', 'Gabiikk1996@seznam.cz', 'jpg', 0, NULL, NULL, 1, 700, 525),
	(206, 6, NULL, 'Generál Pobli To', 'Hoši, mám volnej barák ..', 'Martin Doležel', '608930618', 'indiansjones@seznam.cz', 'jpg', 0, NULL, NULL, 1, 700, 525),
	(207, 6, NULL, 'Šroty', ':D :D :D', 'Lukáš Schwarz', '739363620', 'Lukassanyschwarz@seznam.cz', 'jpg', 0, NULL, NULL, 1, 700, 525),
	(208, 6, NULL, 'Hlad :D', 'Hlad je nejlepší kuchař :D', 'David', '775052296', 'lukesda@seznam.cz', 'jpg', 0, NULL, NULL, 1, 392, 525),
	(209, 6, NULL, 'Péefka', '', 'ondřej milner', '739599623', 'wiagi@seznam.cz', 'JPG', 0, NULL, NULL, 1, 700, 394),
	(210, 6, NULL, 'Nikdy na pařbě neusínej první :D', 'Nikdy na pařbě neusínej první :D ', 'Radek Kolomazník', '723761755', 'rasasdek@seznam.cz', 'jpg', 0, NULL, NULL, 1, 394, 525),
	(211, 6, NULL, 'Honzík', 'Je to paráda - lehnout si na záda a snít...', 'Zdeňka Janoušková', '722268740', 'zmetekk.ousko@seznam.cz', 'jpg', 0, NULL, NULL, 1, 700, 525),
	(212, 6, NULL, 'Společnéé foto :D', 'Prví prázdninové foto.. :))', 'David Ćmiel', '739866122', 'david-cmiel@seznam.cz', 'jpg', 0, NULL, NULL, 1, 700, 525),
	(213, 6, NULL, 'Válečka na silnici :D', 'Občas se cesta domů hodně protáhne, kupodivu po takovýchhle akcích je člověk dobře vyspanej :D :D', 'Antonín Přibyl', '604 990 954', 'ToncekPribyl@seznam.cz', 'jpg', 0, NULL, NULL, 1, 700, 525),
	(214, 6, NULL, 'Společensky unaven...', 'Morgan za 30.. Neuspal jen mě a kamarádku... :D ', 'Stanislav Dolníček', '736105312', 'the.stean@seznam.cz', 'jpg', 0, NULL, NULL, 1, 394, 525),
	(215, 6, NULL, 'Nafukovací panna :D', '', 'Aneta Hanusová', '731853962', 'anetahanusova19@gmail.com', 'jpg', 0, NULL, NULL, 1, 394, 525),
	(216, 6, NULL, 'Na kolejích', '', 'Jan Zachariáš', '737629082', 'jan.zach@centrum.cz', 'jpg', 0, NULL, NULL, 1, 700, 525),
	(217, 6, NULL, 'Bojová nasazenost', 'Předvánoční celodenní pochod a pak zasloužilá odměna v podání alkoholové párty, kterou někteří jedinci tak úplně nezvládli.', 'Petr Mírek', '723178759', 'qqeenn@seznam.cz', 'jpg', 0, NULL, NULL, 1, 700, 525),
	(218, 6, NULL, 'Ožralý Potapječ :D', 'Poprve a naposled co sem usnul první :D', 'Petr Moravec', '605066305', 'potris.6@seznam.cz', 'jpg', 0, NULL, NULL, 1, 700, 525),
	(220, 6, NULL, '"RUM"men', 'co dodat.. :D', 'Honza', '732803669', 'honza.brejla@seznam.cz', 'jpg', 0, NULL, NULL, 1, 312, 525),
	(222, 6, NULL, 'Tygr Bílý', 'Když se najebe a uteče do pralesa, a vtíti se po 4 hodinách ! :D ', 'Matěj Pagáč', '733201175', 'mrpagi96@gmail.com', 'jpg', 0, NULL, NULL, 1, 700, 525),
	(224, 6, NULL, 'Grilovačka', 'Na hromadu?:D \r\nPár panáků stačilo:D', 'Petra Loutocká', '775 242 876', 'Petra-Loutocka@seznam.cz', 'jpg', 0, NULL, NULL, 1, 700, 525),
	(225, 6, NULL, 'Som plaval', 'jedné letní noci..', 'David Masařík', '702966733', 'masarik.david@gmail.com', 'jpg', 0, NULL, NULL, 1, 700, 525),
	(226, 6, NULL, 'Hasiči :D', '', 'Zdeňka Janoušková', '722268740', 'zmetekk.ousko@seznam.cz', 'jpg', 0, NULL, NULL, 1, 700, 525),
	(229, 6, NULL, 'Nametenej jak ..........', 'Když někdo přebere a usne......', 'Martin Urban', '+420777534543', 'bluebull1996@gmail.com', 'jpg', 0, NULL, NULL, 1, 314, 525),
	(231, 6, NULL, 'Jenom pár flašek. :D', 'tak když se pije na bytě kde jsou holčičí hadry :D', 'Petr Hagara', '702341113', 'Husiek@seznam.cz', 'jpg', 0, NULL, NULL, 1, 295, 525),
	(232, 6, NULL, 'Český avatar ! :-D', 'Když se někdo na akci usne ! :D ', 'Tomáš Štefl', '604365117', 'stefl2006@seznam.cz', 'jpg', 0, NULL, NULL, 1, 408, 230),
	(233, 6, NULL, 'Iskrička', '', 'Micha Baláž', 'nemám telefon', 'michybalaz@gmail.com', 'jpg', 0, NULL, NULL, 1, 640, 479),
	(234, 6, NULL, 'Sráč', 'Nevyplácí se usnout jako první :D', 'Lukáš Šimek', '722933993', 'luky456@seznam.cz', 'jpg', 0, NULL, NULL, 1, 700, 338),
	(235, 6, NULL, 'Nevím', '', 'Milan', '776787207', 'skultetym@seznam.cz', 'jpg', 0, NULL, NULL, 1, 394, 525),
	(236, 6, NULL, 'Letní fesťák :D', '', 'Jan Orálek', '725934114', 'orcek1@gmail.com', 'JPG', 0, NULL, NULL, 1, 700, 525),
	(237, 6, NULL, '"kamarádi"', ':D pufmajstr', 'Vladimir Fortelka', '723657226', 'vladimirfortelka@gmail.com', 'jpg', 0, NULL, NULL, 1, 640, 480),
	(238, 6, NULL, 'Usnul :D', '', 'Roman', '608329113', 'romca.speedway@seznam.cz', 'jpg', 0, NULL, NULL, 1, 700, 525),
	(239, 6, NULL, 'moc pití  :D', '', 'Roman', '608329113', 'romca.speedway@seznam.cz', 'jpg', 0, NULL, NULL, 1, 700, 525),
	(240, 6, NULL, ':D', '', 'Roman', '608329113', 'romca.speedway@seznam.cz', 'jpg', 0, NULL, NULL, 1, 700, 525),
	(241, 6, NULL, 'Štěně!!!', '', 'Petr Nouza', '732933242', 'petr.nouza@gmail.com', 'jpg', 0, NULL, NULL, 1, 394, 525),
	(242, 6, NULL, 'Fire party', 'Toho ohně si nikdo z nás nevšim :DD nejspíš nějaká chyba kalby', 'David', '775052296', 'lukesda@seznam.cz', 'JPG', 0, NULL, NULL, 1, 700, 524),
	(243, 6, NULL, 'Vzdali to po usilovném boji', 'Dva lidi co spí ve stanu pod širým nebem :)Alkohol je mocný', 'Jakub Krýsl', '728166955', 'k.zydar@seznam.cz', 'jpg', 0, NULL, NULL, 1, 700, 525),
	(244, 6, NULL, 'Rozlučák', '', 'Patrik Federsel', '607463277', 'feda0077@seznam.cz', 'jpg', 0, NULL, NULL, 1, 700, 525),
	(245, 6, NULL, 'Dopito', '', 'Patrik Federsel', '607463277', 'feda0077@seznam.cz', 'jpg', 0, NULL, NULL, 1, 700, 525),
	(246, 6, NULL, 'Silvestr 2013', '', 'Patrik Federsel', '607463277', 'feda0077@seznam.cz', 'jpg', 0, NULL, NULL, 1, 394, 525),
	(247, 6, NULL, 'Le Žakynini', 'To se takhle jednou kámoš na stanování vožral a zhulil vlez si do potoka o cca 5°C a hrál šutrem na flašku vodky :D ', 'Pavel Strnad', '735 000 403', 'strnad.paja@gmail.com', 'jpg', 0, NULL, NULL, 1, 394, 525),
	(248, 6, NULL, 'Pro 2', '', 'Alena Rybnikářová', '776654369', 'rybnikarova.alenka@email.cz', 'JPG', 0, NULL, NULL, 1, 700, 525),
	(249, 6, NULL, 'Beer-pong!', 'Kdo nikdy nehrál tuhle hru, jako by nepařil', 'František Sentenský', '602 120 161', 'franta4@horyakola.cz', 'jpg', 0, NULL, NULL, 1, 296, 525),
	(250, 6, NULL, 'Silvestr', '..........', 'Jirka Šindelář', '776780598', 'jirka.sindel@gmail.com', 'jpg', 0, NULL, NULL, 1, 625, 525),
	(251, 6, NULL, 'Kdyš už tak pořádně :D', '', 'Jakub Uhlíř', '607269521', 'obvazek@seznam.cz', 'jpg', 0, NULL, NULL, 1, 394, 525),
	(252, 6, NULL, 'Njade Nenajde????', 'Nakonec nenašel. :D :D', 'Jakub Janoušek', '702933734', 'papousek.jakub@seznam.cz', 'jpg', 0, NULL, NULL, 1, 700, 525),
	(253, 6, NULL, 'ani si to nepamatuji :/', 'Místo konání= Uhřice\r\nČas = nepamatuji\r\n-vše ostatní vystihuje jen foto', 'Marek Hebelka', '728858908', '728858908@seznam.cz', 'jpg', 0, NULL, NULL, 1, 700, 525),
	(254, 6, NULL, 'RUM', 'Menší točka a člověk spí v kopřivách :D', 'Jaroslav Břinčil', '777 63 25 25', 'jara.brincil@seznam.cz', 'jpg', 0, NULL, NULL, 1, 700, 525),
	(255, 6, NULL, 'LETNÍ POHODA', '', 'Jirka Janoušek', '731838826', 'zajuch4@seznam.cz', 'jpg', 0, NULL, NULL, 1, 700, 394),
	(256, 6, NULL, 'Reprezentace pro stát čr jako franc', 'aneb jak se nezvládá sebeovládání při umění', 'David Dostál', '773558838', '774119216@seznam.cz', 'JPG', 0, NULL, NULL, 1, 700, 525),
	(257, 6, NULL, 'Neměl usnout první', 'make-upy, mouka, hranolky, olivový olej, storuhanka, kečup, pudr a dál už nevím', 'Ondřej Bačák', '732641659', 'svecprdavec@seznam.cz', 'jpg', 0, NULL, NULL, 1, 700, 394),
	(260, 6, NULL, 'Zpoutaný písek', 'Zlobil :D tak dostal pouta a s několika promile chrápal ', 'Ladislav Pfeffer', '737000791', 'kralicak.pfeffer@seznam.cz', 'jpg', 0, NULL, NULL, 1, 394, 525),
	(261, 6, NULL, 'Mr. Bean', 'Na nebevzetí', 'Jiří Harcuba', '739944165', 'J.harcuba@seznam.cz', 'jpg', 0, NULL, NULL, 1, 640, 480),
	(262, 6, NULL, 'Denis, postrach okolí', '', 'Veronika Housová', '775306447', 'veronikahousova@centrum.cz', 'jpg', 0, NULL, NULL, 1, 700, 525),
	(263, 6, NULL, 'Extrém', 'Kamarádovy bylo trošku na nic :D', 'David Mikulašek', '608 748 988', 'David.mikulasek666@seznam.cz', 'jpg', 0, NULL, NULL, 1, 394, 525),
	(266, 6, NULL, 'Zombie..! :D', 'No comment.! :D', 'Nikola Havlíčková', '723690761', 'havlnik@seznam.cz', 'jpg', 0, NULL, NULL, 1, 700, 525),
	(267, 6, NULL, 'Úklid', 'To je tak když to přeženete na rozlučáku :D', 'Dominik Vaniš', '702026251', 'dominik.vanis@seznam.cz', 'jpg', 0, NULL, NULL, 1, 640, 480),
	(268, 6, NULL, 'Superman', 'Když už nevíš tak i na štěrku se spí dobře :)', 'Dan Škuta', '739159584', 'flexiokuba@seznam.cz', 'jpg', 0, NULL, NULL, 1, 700, 525),
	(269, 6, NULL, 'Zvěrstvo :)', '', 'Dominik Novosád', '737027967', 'dominiknovosad@centrum.cz', 'JPG', 0, NULL, NULL, 1, 640, 480),
	(270, 6, NULL, 'MURF', 'vobčas přebere ale jinak je dobrej :D', 'Tomáš Kalenský', '736 295 333', 'JohnyBlazeee@seznam.cz', 'jpg', 0, NULL, NULL, 1, 295, 525),
	(271, 6, NULL, 'Silvestr :D', 'komentář není třeba..', 'Martin Brdíčko', '733365106', 'martibrdo@seznam.cz', 'jpg', 0, NULL, NULL, 1, 700, 525),
	(272, 6, NULL, 'po ceste domu', '', 'Patrik Fabiánek', '607988239', 'ifr3aki@gmail.com', 'jpg', 0, NULL, NULL, 1, 412, 525),
	(273, 6, NULL, 'Petr Tůma', 'Maturák/14.12.13/Litrovka medového Jacka', 'Petr Tůma', '601553111', 'Petrtumitch@gmail.com', 'jpg', 0, NULL, NULL, 1, 700, 525),
	(274, 6, NULL, 'Fuj rum', '', 'Martina Weigelová', '720327030', 'dream-ka@seznam.cz', 'JPG', 0, NULL, NULL, 1, 700, 525),
	(275, 6, NULL, 'IRONPOSTMAN', 'Pošták Matýsek si poprvé přihnul.', 'Tomáš', '602247217', 'cryocze@email.cz', 'jpg', 0, NULL, NULL, 1, 700, 525),
	(276, 6, NULL, 'Garden', 'Dopadlo to zle :D', 'Michal Bubík', '732445906', 'michal5762@seznam.cz', 'jpg', 0, NULL, NULL, 1, 700, 525),
	(277, 6, NULL, 'Silvestr 2013 :DD', 'Trošku víc alkoholu)', 'Anče', '797 996 533', 'ancesazava@seznam.cz', 'jpg', 0, NULL, NULL, 1, 560, 525),
	(278, 6, NULL, 'Taková malá pařba v 5 lidech', '', 'Lukáš Šaroun', '739909650', 'sarunl@seznam.cz', 'jpg', 0, NULL, NULL, 1, 700, 525),
	(279, 6, NULL, 'Zrození šampióna', '', 'Vít Strnad', '721294306', 'bilord1@gmail.com', 'jpg', 0, NULL, NULL, 1, 394, 525),
	(280, 6, NULL, 'Kamarád vždy pomůže :-)', '', 'Martin Polách', '723369015', 'polach.martin@email.cz', 'jpg', 0, NULL, NULL, 1, 700, 525),
	(281, 6, NULL, 'Vypíj Basu', 'Prostě si každý koupil svojí basu,kterou si sám vypil-', 'Martin Pumr', '702041196', 'pumicka18@seznam.cz', 'jpg', 0, NULL, NULL, 1, 640, 480),
	(282, 6, NULL, 'Dead End Fest', '', 'Jaroslav Kovařík', '606579221', 'shottek93@seznam.cz', 'jpg', 0, NULL, NULL, 1, 600, 400),
	(283, 6, NULL, 'Tvrďáci', '-_-', 'Šimon Rygar', '731894447', 's.rygar@seznam.cz', 'jpg', 0, NULL, NULL, 1, 700, 525),
	(284, 6, NULL, 'Silvestr s kámoškou :D :3', '', 'Nikola Orcígrová', '607156901', 'nikola.orcigrova@seznam.cz', 'jpg', 0, NULL, NULL, 1, 700, 525),
	(285, 6, NULL, 'Bůca', ':D', 'Petr Bucek', '724545838', 'barcelona001@seznam.cz', 'jpg', 0, NULL, NULL, 1, 700, 525),
	(286, 6, NULL, 'Ranná únava', 'Kamarát po ťažkej noci na Tunning carate', 'Dominik Gach', '+421949083439', 'domcaroriginal@gmail.com', 'jpg', 0, NULL, NULL, 1, 700, 525),
	(287, 6, NULL, 'Chlastací ruleta', 'chlastací ruleta 2013 :D ', 'Aneta Hajdušková', '775353549', '1Anetinka1@seznam.cz', 'JPG', 0, NULL, NULL, 1, 394, 525),
	(288, 6, NULL, 'party :D', '', 'kovaliv stepan', '775602628', 'dandulaka@gmail.com', 'JPG', 0, NULL, NULL, 1, 392, 525),
	(289, 6, NULL, 'Ondra na Rozlučce', 'Asi kolem pul 10 Odpadl do pole :D a kolem pulnoci se oběvil uplně střízliví ', 'Petr Mikolášek', '731789778', 'mikyofficial@gmail.com', 'jpg', 0, NULL, NULL, 1, 700, 525),
	(290, 6, NULL, 'Ondra na Rozlučce', 'kolem 9 odpadl a vpulnociu se oběvil čilej jako rybička :D', 'Petr Mikolášek', '731789778', 'mikyofficial@gmail.com', 'jpg', 0, NULL, NULL, 0, 700, 525),
	(291, 6, NULL, 'Balíček', 'Zabalen a připraven k odeslání', 'Marek Říha', '728827625', 'mark.riha@seznam.cz', 'jpg', 0, NULL, NULL, 1, 700, 525),
	(292, 6, NULL, 'usnutí u hajzlu', 'uplně v hajzlu :DDDDD', 'Filip', '739448420', 'bengisczech@sezna.cz', 'jpg', 0, NULL, NULL, 1, 700, 525),
	(293, 6, NULL, 'Šafy', '18:30', 'Šimon Marek', '725 595 659', 'Simarek@email.cz', 'jpg', 0, NULL, NULL, 1, 314, 525),
	(294, 6, NULL, 'Přebráno', 'Dva kluci nezvládli slivovici a piva :D', 'Nikola', '725823752', 'NikolaVojtaskova@seznam.cz', 'jpg', 0, NULL, NULL, 1, 700, 525),
	(295, 6, NULL, 'Prostě Velikonoce', 'Prostě Velikonoce ', 'David Zogata', '604650154', 'david.zogata22@seznam.cz', 'jpg', 0, NULL, NULL, 1, 700, 525),
	(296, 6, NULL, 'Prostě Velikonoce', 'Prostě Velikonoce', 'David Zogata', '604650154', 'david.zogata22@seznam.cz', 'jpg', 0, NULL, NULL, 1, 700, 525),
	(297, 6, NULL, 'Opět se nevyplácí usnout první!', 'Sranda musí být :)', 'Jarda Burger', '720182640', 'djjay@seznam.cz', 'jpg', 0, NULL, NULL, 1, 700, 525),
	(298, 6, NULL, 'party hard silvestr', '', 'Dominik Flídr', '733579651', 'domflidr@seznam.cz', 'jpg', 0, NULL, NULL, 1, 700, 525),
	(299, 8, NULL, 'Broučka zadek :-)', '', 'Martina Hložková', '774440547', 'MartinaHlozkova@email.cz', 'JPG', 0, NULL, NULL, 1, 700, 525),
	(300, 8, NULL, 'Ric', 'Kulatej zadek, neuděláš nic...', 'Kristián Kny', '604534274', 'jenomtak8@seznam.cz', 'jpg', 0, NULL, NULL, 1, 296, 525),
	(301, 6, NULL, 'KOMAT', 'TOTÁLNÍ K.O.', 'Jakub Procházka', '608338019', 'bibin20@seznam.cz', 'jpg', 0, NULL, NULL, 1, 700, 525),
	(302, 6, NULL, 'Lehárko', 'Spletl jsem si svozák a odjel do neznámého města, nabral jsem síly a odpoledne jel domů :D', 'Martin Leiner', '608500058', 'leiner05@seznam.cz', 'jpg', 0, NULL, NULL, 1, 700, 525),
	(303, 6, NULL, 'autogramiada', 'bola autogramiada :D', 'Norbert', '+421944142000', 'dzemjan.n@gmail.com', 'jpg', 0, NULL, NULL, 1, 700, 525),
	(304, 6, NULL, 'Řezník z 60.let :D', 'Strašná kaše :D', 'Luboš Hartman', '601349935', 'piskute@seznam.cz', 'jpg', 0, NULL, NULL, 1, 329, 525),
	(306, 6, NULL, 'Votvírák', '', 'Daniel Čermák', '731828345', 'daniel.cermak@seznam.cz', 'jpg', 0, NULL, NULL, 1, 394, 525),
	(307, 6, NULL, 'Narozeniny :DD XDD', '', 'Lucie Remešová', '723018340', 'lucinaa23@seznam.cz', 'jpg', 0, NULL, NULL, 1, 392, 525),
	(308, 8, NULL, 'golden boy', 'boy for love', 'Zdeněk Skokan', '456545662', 'zsk@klikni.cz', 'jpg', 0, NULL, NULL, 1, 479, 525),
	(311, 8, NULL, 'pozor na mou prdelku...', '... (_|_) ...', 'Lukáš Stavinoha', '721098273', 'marinadah@seznam.cz', 'jpg', 0, NULL, NULL, 1, 431, 525),
	(313, 6, NULL, ':D', ':D', 'Martin Slatinský', '720553411', 'romaneshek@seznam.cz', 'jpg', 0, NULL, NULL, 1, 394, 525),
	(314, 6, NULL, 'Dobré Ráno :-D', 'jako péro z gauče', 'Tomáš Bláha', '720572441', 'tomasblaha2@gmail.com', 'jpg', 0, NULL, NULL, 1, 394, 525),
	(315, 6, NULL, 'best of kalba', 'když rozsvicovali koleje ', 'Tomáš Bláha', '720572441', 'tomasblaha2@gmail.com', 'jpg', 0, NULL, NULL, 1, 351, 525),
	(316, 6, NULL, 'Velikonoce 11:00 :D', '...', 'Jan Maryško', '733517139', 'smogous@centrum.cz', 'jpg', 0, NULL, NULL, 1, 700, 525),
	(317, 8, NULL, 'pro "PRDEL" :))', '', 'Lukáš', '721886132', 'hejhula2001@seznam.cz', 'jpg', 0, NULL, NULL, 1, 467, 525),
	(320, 6, NULL, 'jak spinká :D', 'jak spinká :D', 'Daniel Moťovský', '601354999', 'tomziman@seznam.cz', 'jpg', 0, NULL, NULL, 1, 394, 525),
	(321, 6, NULL, 'kamarád', ':D :D když se kamarád opije :D', 'Filip Hamr', '602209487', 'filip.hamr.330@facebook.com', 'jpg', 0, NULL, NULL, 1, 393, 525),
	(322, 8, NULL, 'Bílé boxerky..', 'Nic moc, ale tak ukážu se.', 'Martin Oplocký', '776008294', 'oplocky.martin13@gmail.com', 'jpg', 0, NULL, NULL, 1, 266, 525),
	(323, 6, NULL, 'Raní probuzení', '', 'Karel Legát', '602709434', 'perniczek@gmail.com', 'jpg', 0, NULL, NULL, 1, 700, 394),
	(324, 6, NULL, 'party hard', 'party hard', 'Kevin Šesták', '774152510', 'maybe.rbt@seznam.cz', 'jpg', 0, NULL, NULL, 1, 700, 525),
	(325, 6, NULL, 'Lehnout se dá všude....', 'Jdu se vám takhle vysrat na záchod :D', 'Marttin Muller', '723657143', 'roman.duda@centrum.cz', 'jpg', 0, NULL, NULL, 1, 630, 525),
	(326, 6, NULL, 'Nemam cigaretu v nose', '....', 'Martin Muller', '723657143', 'roman.duda@centrum.cz', 'jpg', 0, NULL, NULL, 1, 700, 525),
	(327, 6, NULL, 'Ta postel byla už daleko :D', '....', 'Martin Muller', '723657143', 'roman.duda@centrum.cz', 'jpg', 0, NULL, NULL, 1, 700, 525),
	(328, 6, NULL, 'I značka umí bejt dobrej kámoš :D', '....', 'Martin Muller', '723 657 143', 'roman.duda@centrum.cz', 'jpg', 0, NULL, NULL, 1, 700, 525),
	(329, 6, NULL, 'A prej, že punkáči uměj chlastat :D', '....', 'Martin Muller', '723 657 143', 'roman.duda@centrum.cz', 'jpg', 0, NULL, NULL, 1, 700, 525),
	(330, 8, NULL, 'PRDÝLKA :-)', 'Zadeček mého miláčka , mě se líbí:-*', 'Eva Kupečková', '602455942', 'eva.kupeckova@seznam.cz', 'jpg', 0, NULL, NULL, 1, 315, 525),
	(331, 6, NULL, 'Daniel na nádraží :DDD', 'Daniel na nádraží :DDD', 'Tomáš Ziman', '601 354 999', 'tomziman@seznam.cz', 'jpg', 0, NULL, NULL, 1, 394, 525),
	(332, 6, NULL, 'Rum zapíjen slivovicí', 'S chlastem můžou vážně remizovat jen moraváci...', 'Jenik', '60588386*', 'rulf.jan@seznam.cz', 'jpg', 0, NULL, NULL, 1, 700, 525),
	(333, 6, NULL, 'black :DD', 'v hospodě nesmíš usnout ', 'Aleš Ullrich', '608916746', 'menfy93@gmail.com', 'jpg', 0, NULL, NULL, 1, 394, 525),
	(334, 8, NULL, 'zadek :-)', '', 'Michal Vavrák', '773185743', 'michal.vavrak@centrum.cz', 'JPG', 0, NULL, NULL, 1, 700, 525),
	(335, 8, NULL, 'Kačer Donald', 'S mým kačerem :-)', 'Tomáš Ptáčník', '775361934', 'T.I.P.1993@gmail.com', 'jpg', 0, NULL, NULL, 1, 351, 525),
	(336, 6, NULL, 'DEAD END festival 2013', 'Atari terror', 'Michael Pokorny', '722336687', 'maste.of.dirt@seznam.cz', 'jpg', 0, NULL, NULL, 0, 700, 466),
	(337, 6, NULL, 'cesta domů', '', 'Michal Hořák', '724 360 114', 'horakmike@seznam.cz', 'jpg', 0, NULL, NULL, 1, 180, 180),
	(338, 6, NULL, 'Na konci světa fest', 'Lámačky', 'Tomáš Novák', '722537307', 'vadoho1944@seznam.cz', 'jpg', 0, NULL, NULL, 1, 587, 525),
	(339, 6, NULL, 'Šípková růženka', 'Když už někde usnete, dejte pozor aby vás Securitka nezačla zaskládávat krychlema na sezení :D', 'Matěj Smitka', '723210665', 'Matej.Smitka@hotmail.cz', 'jpg', 0, NULL, NULL, 1, 700, 525),
	(340, 6, NULL, 'Tady hlidam ja !!', '', 'Jakub Traxler', '736655545', 'jsemstredemgalaxie@seznam.cz', 'jpg', 0, NULL, NULL, 1, 394, 525),
	(341, 6, NULL, 'sexy ivetka', 'pivečko pije dobře si žije,,,', 'helena murčová', '608238349', 'Helina.M@seznam.cz', 'jpg', 0, NULL, NULL, 1, 700, 525),
	(342, 6, NULL, 'Party Hard!!!!', '', 'Tomáš Bartušek', '728021602', 'barney.pce@gmail.com', 'jpg', 0, NULL, NULL, 1, 700, 525),
	(343, 6, NULL, 'Mighty 2013', 'Šel šel ale nedošel....\r\nBy Hlďas', 'Jan Hladik', '731005188', 'hladas_jan@centrum.cz', 'jpg', 0, NULL, NULL, 1, 700, 525),
	(344, 6, NULL, 'The Walking Dead', 'To takhle 1.12.2014 v 0:36 kámoš sjížděl schody...', 'Martin Filipi', '777 692 216', 'Filipi.Martin@seznam.cz', 'jpg', 0, NULL, NULL, 1, 700, 350),
	(345, 6, NULL, 'The Walking Dead', 'To takhle 1.12.2014 v 0:36 kámoš sjížděl schody...', 'Martin Filipi', '777 692 216', 'Filipi.Martin@seznam.cz', 'jpg', 0, NULL, NULL, 1, 700, 350),
	(346, 6, NULL, 'Silvestr', 'Na Silvestra se stává tradicí, že kamarád trochu přebere...letos se mu podařilo zřítit se z balkonu. Jakožto věrný kamarád jsem se rozhodl, že tento okamžik zvěčním...PS: kamarád žije dodnes :D', 'Tomáš Navara', '721 363 172', 'Navy58@email.cz', 'jpg', 0, NULL, NULL, 1, 700, 525),
	(347, 6, NULL, 'Party Hard', 'no coment!', 'J.K', '732305573', 'Kalousek-sk8ordie@seznam.cz', 'jpg', 0, NULL, NULL, 1, 700, 525),
	(348, 6, NULL, 'radaaaaaa', 'fuck*ng sleep :D', 'rada blaha', '723770270', 'stepankozina123@gmail.com', 'jpg', 0, NULL, NULL, 1, 394, 525),
	(349, 6, NULL, 'Šlehačka <3', '', 'Lukáš', '723995074', 'heroutik123@seznam.cz', 'jpg', 0, NULL, NULL, 1, 394, 525),
	(350, 6, NULL, 'Dobrou noc!', 'Co dodat?:D', 'Leoš Kopáček', '739562914', 'levo1@seznam.cz', 'jpg', 0, NULL, NULL, 1, 394, 525),
	(351, 6, NULL, 'abstinence', ':-)', 'alena erbová', '603912812', 'matygo@seznam.cz', 'jpg', 0, NULL, NULL, 1, 700, 525),
	(353, 6, NULL, 'nestihl spočitat ani shody :D', 'No Coment :D :D :D :D ', 'Jan', '734464031', 'stanjjeck@seznam.cz', 'JPG', 0, NULL, NULL, 1, 394, 525),
	(354, 6, NULL, 'Kočanda', 'Místní kráska :D', 'David Tlapák', '724503946', 'Peligro@seznam.cz', 'jpg', 0, NULL, NULL, 1, 295, 525),
	(355, 6, NULL, 'Pád', 'nepovedený návrat do dětských let.. ;D', 'Adam Hanšut', '608354206', 'hansmi007@centrum.cz', 'JPG', 0, NULL, NULL, 1, 394, 525),
	(356, 6, NULL, 'Změna gravitace', 'nepochopitelné jak to na tom stropu klouže :D:D:D', 'Michael Hanšut', '608351163', 'michael.hansut@gmail.com', 'JPG', 0, NULL, NULL, 1, 394, 525),
	(357, 6, NULL, 'Devil and horse', 'No comment', 'Lukáš Pyrchala', '733697753', 'pyrchala@hsfsystem.cz', 'jpg', 0, NULL, NULL, 1, 700, 394),
	(358, 6, NULL, 'Brněnec 2013', 'Kdo si hraje nezlobí tak to dopadá když někdo usne :D', 'Lukáš Sodomek', '775515850', 'mulder.f@seznam.cz', 'jpg', 0, NULL, NULL, 1, 700, 394),
	(359, 6, NULL, 'hlad', 'jak deváťákum na rozlučáku kradu buřty :D', 'Jan Hora', '773150323', 'zituska15@seznam.cz', 'jpg', 0, NULL, NULL, 1, 394, 525),
	(360, 6, NULL, 'Kamarádi? svině !', '', 'Vojtěch Müller', '608348327', 'vojtech.muller@email.cz', 'jpg', 0, NULL, NULL, 1, 700, 525),
	(361, 8, NULL, 'výstavní zadeček', 'sexy prdýlka mého přítele..no, holky, co říkáte? :P', 'Eva Sýkorová', '607 576 405', 'e.sysy@seznam.cz', 'jpg', 0, NULL, NULL, 1, 700, 522),
	(362, 6, NULL, 'Tohle nechceš :D', 'CRAZY PARTY aneb KDYŽ MAJÍ TVOJI KAMARÁDI SMYSL PRO HUMOR', 'Tomáš Hach', '722097299', 'tomashach@seznam.cz', 'jpg', 0, NULL, NULL, 1, 350, 525),
	(363, 6, NULL, 'Silvestr 2013', 'Prostě Kuba :D', 'Michal Šolc', '776581581', 'shoolcik@gmail.com', 'jpg', 0, NULL, NULL, 1, 700, 525),
	(364, 6, NULL, 'Tohle nechceš :D', 'CRAZY PARTY aneb KDYŽ MAJÍ TVOJI KAMARÁDI SMYSL PRO HUMOR :DDD', 'Tomáš Hach', '722097299', 'tomashach@seznam.cz', 'jpg', 0, NULL, NULL, 1, 350, 525),
	(365, 8, NULL, 'Přiznej', 'Zadeček', 'Kristýna', '723271727', 'christinka.milasek@seznam.cz', 'jpeg', 0, NULL, NULL, 0, 600, 450),
	(366, 8, NULL, ':))', 'zadeček mého dokonalého přítele :D :-**', 'František Jaroš', '739449721', 'stellinka777@seznam.cz', 'jpg', 0, NULL, NULL, 1, 392, 525),
	(367, 6, NULL, 'Vlaši', '', 'Tomáš', '722097299', 'havadudu94@gmail.com', 'jpg', 0, NULL, NULL, 1, 350, 525),
	(368, 8, NULL, 'Miláček :*', 'Můj přítel má prostě nejkrásnější a pěkně pevnej zadek ♥ !', 'Jan Polák', '603736024', 'polabec@seznam.cz', 'jpg', 0, NULL, NULL, 1, 508, 525),
	(369, 6, NULL, 'Rozloučený z prázkama :)', 'Nemálo vykašení :D', 'Radek', '721756990', 'radek.herman2@seznam.cz', 'jpg', 0, NULL, NULL, 1, 700, 356),
	(370, 8, NULL, ':P :P', 'Prdelka mého kocoura :3 ', 'Jakub Hřeben', '736710759', 'kubahreben@seznam.cz', 'jpg', 0, NULL, NULL, 1, 394, 525),
	(371, 6, NULL, 'barbora', '', 'Kateřina Vlčková', '731050476', 'katushka4.5@seznam.cz', 'jpg', 0, NULL, NULL, 1, 700, 525),
	(372, 8, NULL, 'Dáreček', 'Dáreček pod stromečkem :*', 'Pavel Major', '737919799', 'majorpavel69@seznam.cz', 'JPG', 0, NULL, NULL, 1, 700, 525),
	(375, 8, NULL, 'Šmoulovo prdelka :*', 'Šmoulovo prdelka :*', 'Alexandr Hrubý', '608959712', 'hrubyal15@gmail.com', 'jpg', 0, NULL, NULL, 1, 700, 525),
	(376, 6, NULL, 'jedem bombyy', '', 'Kristýna', '776345491', 'lulinka200@seznam.cz', 'jpg', 0, NULL, NULL, 1, 394, 525),
	(377, 6, NULL, 'Opilecka pyramida :D', '', 'Hedvika Rýparová', '733630683', 'heedvidek@seznam.cz', 'jpg', 0, NULL, NULL, 1, 700, 525),
	(378, 6, NULL, 'párty s kuželem', '', 'Michal Tobiaš', '726868835', 'panprso@seznam.cz', 'jpg', 0, NULL, NULL, 1, 700, 525),
	(379, 6, NULL, 'Vánoční oslava', '', 'Christos Kirkopulos', '736715302', 'christok@seznam.cz', 'jpg', 0, NULL, NULL, 1, 394, 525),
	(380, 6, NULL, '....kamarád', '', 'Jan Štefl', '702930371', 'stefl.my@email.cz', 'jpg', 0, NULL, NULL, 1, 700, 525),
	(381, 6, NULL, 'Jednou takhle v hospodě', 'Bez komentáře', 'DragonCz', '605239306', 'dragonczz@gmail.com', 'png', 0, NULL, NULL, 1, 559, 455),
	(382, 8, NULL, 'Rutina :P', 'Každonoční rutina :P', 'Petr', '774929365', 'fabregas.gunners@seznam.cz', 'jpg', 0, NULL, NULL, 1, 394, 525),
	(383, 6, NULL, 'Páárek :D', '..', 'Roman Duda', '607169556', 'akinorev.avodud@gmail.com', 'jpg', 0, NULL, NULL, 1, 700, 525),
	(384, 6, NULL, 'Dejw', 'pařba V Laipzigu na hotelu!! Tekyla je mocná :-))', 'David Zítko', '721 235 333', 'dejvid008@seznam.cz', 'jpg', 0, NULL, NULL, 1, 700, 525),
	(385, 6, NULL, 'Privát xD', '', 'Jirka Řehák', '773774854', 'krahy-aukro@seznam.cz', 'jpg', 0, NULL, NULL, 1, 394, 525),
	(386, 8, NULL, 'Prdelka brouka :)', 'Hezká prdelka že? :*', 'Jan Baloun', '731701031', 'j.baloun@email.cz', 'JPG', 0, NULL, NULL, 1, 700, 466),
	(387, 6, NULL, 'sweet dream', '', 'Zdeněk Kligl', '606381343', 'pullitr2@seznam.cz', 'jpg', 0, NULL, NULL, 1, NULL, NULL),
	(389, 8, NULL, 'Když oni, tak i já :P', 'Za zkoušku nic nedám :)', 'Jan Šverdík', '776880813', 'jansverdik@seznam.cz', 'png', 0, NULL, NULL, 1, 480, 480),
	(390, 6, NULL, 'bahenní pogo', '', 'Michael Neubauer', '733430380', 'Neubauer17@sezna.cz', 'jpg', 0, NULL, NULL, 1, 394, 525),
	(391, 6, NULL, 'Silvestr párty :D', 'Kolem 3 hodiny. :D', 'Tomáš Krejčí', '722494046', 'jatkaa@seznam.cz', 'jpg', 0, NULL, NULL, 1, 394, 525),
	(392, 6, NULL, ':-)', ':-)', 'Galy', '605357838', 'galiiii17@seznam.cz', 'jpg', 0, NULL, NULL, 1, 394, 525),
	(393, 6, NULL, 'Lakohol je metla lidstva', '', 'Těšina radek', '602261516', 'teinaradek@gmail.com', 'jpg', 0, NULL, NULL, 1, 394, 525),
	(394, 6, NULL, '.....', ':D', 'Filip Verner', '774159164', 'verner.filip@seznam.cz', 'JPG', 0, NULL, NULL, 1, 394, 525),
	(395, 6, NULL, 'Avatar', 'Držel se Avatára dlouho...', 'Martin', '734659148', 'ros.martin@seznam.cz', 'jpg', 0, NULL, NULL, 1, 700, 172),
	(396, 6, NULL, 'Dovolená', 'Unavené odpoledne :-)', 'Vojtěch Novotný', '774336790', 'Votik.novy@seznam.cz', 'jpg', 0, NULL, NULL, 1, 700, 525),
	(397, 6, NULL, 'Dvojitý úsměv', '', 'Matěj Beran', '731880049', 'matej.beran1@seznam.cz', 'jpg', 0, NULL, NULL, 1, 700, 525),
	(398, 6, NULL, 'Silvestr 2013', '', 'Michal Gazaň', '724520141', 'michal.gazan@seznam.cz', 'jpg', 0, NULL, NULL, 1, 350, 525),
	(400, 6, NULL, 'Martin :DDDD', 'no coment', 'Jan Pavka', '773750860', '18janek88@seznam.cz', 'jpg', 0, NULL, NULL, 1, 394, 525),
	(401, 8, NULL, 'Když zadek...', '... tak zadek', 'Milan Hiesbock', '730 698 328', 'mioe@seznam.cz', 'jpg', 0, NULL, NULL, 1, 409, 525),
	(402, 6, NULL, 'kamos to zalomil:-D', '', 'petr Holoubek', '774342400', 'chadkerley@seznam.cz', 'jpg', 0, NULL, NULL, 1, 525, 525),
	(404, 8, NULL, 'Prdelka', '', 'Honza', '720264215', 'fdfc@seznam.cz', 'jpg', 0, NULL, NULL, 1, 700, 525),
	(405, 6, NULL, 'Silvestr 2013', '', 'Karolína', '721389160', 'Dvoriakova.ka@seznam.cz', 'jpg', 0, NULL, NULL, 1, 700, 525),
	(406, 8, NULL, 'Chceš si plácnout?', '', 'Patrik Nováček', '735421518', 'paradnik94@gmail.com', 'JPG', 0, NULL, NULL, 1, 640, 480),
	(407, 6, NULL, 'vyvrhlej vorvaň na pláži', '', 'Tadeáš Dvořák', '728372663', 'tadeas.dvorak@gmail.com', 'jpg', 0, NULL, NULL, 1, 394, 525),
	(408, 6, NULL, 'Radek', 'To je tak když se kámoš opije tak potom vypadá jak trojka máslo :D', 'Radek', '732714134', '1dragon2@seznam.cz', 'jpg', 0, NULL, NULL, 1, 700, 525),
	(409, 6, NULL, 'Blilijó', ':D :D ', 'Jiří Sochor', '605 906 171', 'k.nedorostkova@email.cz', 'jpg', 0, NULL, NULL, 1, 394, 525),
	(410, 8, NULL, 'Nejhezčí zadky jsou ty hasičské :-)', 'Inspirace je důležitá :-P', 'Leoš Kříž', '721202827', 'Krizas24@seznam.cz', 'jpg', 0, NULL, NULL, 1, 394, 525),
	(411, 6, NULL, 'Marcel z malého města', 'Krásný večer s hrou Člověče napij se!', 'Máca Štoudek', '605177573', 'chajda.e.2@seznam.cz', 'jpg', 0, NULL, NULL, 1, 700, 525),
	(412, 8, NULL, 'čokoládová mnamka', 'na dovoleny =)', 'Vojtech Gojda', '737314819', 'Chronic01@seznam.cz', 'JPG', 0, NULL, NULL, 0, 394, 525),
	(413, 8, NULL, 'čokoláda', 'u mooooře', 'Vojtech Gojda', '737314819', 'Chronic01@seznam.cz', 'JPG', 0, NULL, NULL, 0, 700, 525),
	(414, 8, NULL, 'na ostří nože ]:-)', '', 'Miloš Petr', '724364435', 'milda.spartan@seznam.cz', 'jpg', 0, NULL, NULL, 1, 645, 525),
	(415, 8, NULL, 'Prdelka', '', 'Petr Motyčka', '728666005', 'Mota100@seznam.cz', 'jpg', 0, NULL, NULL, 1, 700, 525),
	(417, 8, NULL, 'Jezerní princ', 'Za sedmero horami, za sedmero řekami, rozlévalo se jedno velké jezero.', 'Jaroslav Neff Kovács', '123456789', 'jar.kovacs@gmail.com', 'jpg', 0, NULL, NULL, 0, 350, 525),
	(418, 6, NULL, 'Engine failed', '', 'David Damek', '603866777', 'damek.david@seznam.cz', 'jpg', 0, NULL, NULL, 1, 700, 525),
	(419, 6, NULL, 'Ranní Probuzení :D', 'nevím :D', 'gbfbgdfdfb', '646416461', 'sdfdsf@seznam.cz', 'jpg', 0, NULL, NULL, 1, 385, 525),
	(420, 6, NULL, 'nestabilni zidle', '', 'Jan Straka', '739732664', 'strakajn2@seznam.cz', 'jpg', 0, NULL, NULL, 1, 350, 525),
	(421, 6, NULL, 'Stanovačka na moravě', 'Stanovali jsme v rajnochovicích a takhle to dopadlo :D', 'Dominik Ovesný', '773827017', 'snearen01@seznam.cz', 'jpg', 0, NULL, NULL, 1, 394, 525),
	(422, 6, NULL, 'dali si šlofíka v 5 ráno', '', 'Michaela Dvořáková', '602513320', 'dvorakova.michaele@seznam.cz', 'jpg', 0, NULL, NULL, 1, 700, 394),
	(423, 6, NULL, 'Alexandria loď a absinth', '', 'Michaela Dvořáková', '602513320', 'dvorakova.michaele@seznam.cz', 'jpg', 0, NULL, NULL, 1, 295, 525),
	(424, 6, NULL, 'Honzík', '', 'Michaela Dvořáková', '602513320', 'dvorakova.michaele@seznam.cz', 'jpg', 0, NULL, NULL, 1, 394, 525),
	(425, 6, NULL, 'Honzík', '', 'Michaela Dvořáková', '602513320', 'dvorakova.michaele@seznam.cz', 'jpg', 0, NULL, NULL, 1, 700, 394),
	(426, 6, NULL, 'nejlepší kamarádi', '', 'Michaela Dvořáková', '602513320', 'dvorakova.michaele@seznam.cz', 'jpg', 0, NULL, NULL, 1, 621, 525),
	(427, 6, NULL, 'PIJEM DOKUD NEPADNEM A KDYŽ PADNEM', '', 'Simona', '607669411', 'hamackovasimona@seznam.cz', 'jpg', 0, NULL, NULL, 1, 394, 525),
	(428, 6, NULL, 'Po kalbě na koleji', 'Sodoma Gomora', 'Radek Rákos', '732711229', 'kedar012567@seznam.cz', 'JPG', 0, NULL, NULL, 1, 349, 525),
	(429, 8, NULL, 'Jirka', 'Práce v dílně :)', 'Jirka Novák', '731852432', 'jirkaNov@mailinator.com', 'jpg', 0, NULL, NULL, 1, 648, 486),
	(430, 6, NULL, 'Silvestr 2013', '', 'Jaroslav Novák', '722753404', 'jarin18@email.cz', 'jpg', 0, NULL, NULL, 1, 394, 525),
	(431, 3, NULL, 'Přehled sestřihů dámských kundiček', 'Jaké číslo se Vám nejvíce líbí? Napište do komentářů. :-)', 'Přiznání o sexu', 'Přiznání o sexu', 'Přiznání o sexu', 'jpg', 0, NULL, 3, 1, 1280, 800),
	(432, 6, NULL, 'Ondul', 'Hlavně nerozlít pivo! ', 'Bomboň Michael', '732527555', 'mbombon@windowslive.com', 'jpg', 0, NULL, NULL, 1, 394, 525),
	(433, 8, NULL, 'Prý mam velký zadek', 'je to pravda? co si o tom myslíte?', 'Pavel Pavlovič', '721908022', 'richie123@amateri.cz', 'jpg', 0, NULL, NULL, 1, 581, 525),
	(436, 8, NULL, 'koňacká prdelka :D', 'dokonalej není no :D', 'Lukáš Greguš', '733479892', 'gregi165@seznam.cz', 'jpg', 0, NULL, NULL, 1, 700, 525),
	(439, 6, NULL, 'Totálka :)', 'Když už k ránu nevíte čí jste a ani na kom spíte :D', 'Ondřej Nalezinek', '603809022', 'Def1l3d@seznam.cz', 'jpg', 0, NULL, NULL, 1, 394, 525),
	(440, 6, NULL, 'Zaseklej pod skříní', '...', 'Jaroslav Kučera', '723382469', 'jara.kucera16@seznam.cz', 'jpg', 0, NULL, NULL, 1, 700, 525),
	(442, 8, NULL, 'Přiznání o sexu :-)', 'Prcinka :-)', 'Tom', '775645949', 'krtek-tom@seznam.cz', 'JPG', 0, NULL, NULL, 1, 700, 466),
	(443, 8, NULL, 'Tommy :*', 'riťka ', 'Tomáš Gešper', '908503619', 'tomas.gesper@gmail.com', 'jpg', 0, NULL, NULL, 1, 477, 525),
	(444, 6, NULL, 'Na plech', 'Unava po pár flaškách a perskej koberec po babičce na vyhození :D ', 'Jan Srb', '732731660', 'lampard8.cfc@seznam.cz', 'jpg', 0, NULL, NULL, 1, 295, 525),
	(445, 6, NULL, '..:)', '', 'Petr', '606356526', 'llewis@atlas.cz', 'jpg', 0, NULL, NULL, 1, 640, 480),
	(446, 6, NULL, 'kokojin', 'před D', 'Jirka', '739690034', 'klaksonmen@seznam.cz', 'jpg', 0, NULL, NULL, 1, 700, 419),
	(447, 6, NULL, 'Kočkolit a Nágl', '', 'Jirka', '739690034', 'klaksonmen@seznam.cz', 'jpg', 0, NULL, NULL, 1, 700, 525),
	(448, 8, NULL, 'Prdelka :)', '', 'Filip Šedzmák', '+420733297598', 'filip_sedzmak@centrum.sk', 'jpg', 0, NULL, NULL, 1, 700, 525),
	(449, 6, NULL, 'Dopijená po Silváči', '', 'David Štrouf', '722036100', 'yukicsr@seznam.cz', 'jpg', 0, NULL, NULL, 1, 700, 525),
	(450, 6, NULL, 'Oslavenec', '', 'David Štrouf', '722036100', 'yukicsr@seznam.cz', 'jpg', 0, NULL, NULL, 1, 394, 525),
	(451, 6, NULL, 'když někdo nemůže na nohy..', '', 'David Štrouf', '722036100', 'yukicsr@seznam.cz', 'jpg', 0, NULL, NULL, 1, 700, 525),
	(452, 6, NULL, 'Léééééto..', '', 'David Štrouf', '722036100', 'yukicsr@seznam.cz', 'jpg', 0, NULL, NULL, 1, 700, 525),
	(453, 6, NULL, 'Ruka na gulích :D', '', 'David Štrouf', '722036100', 'yukicsr@seznam.cz', 'jpg', 0, NULL, NULL, 1, 700, 525),
	(454, 8, NULL, 'Moje! :)', 'Soutěž jsem prošvihla, já vím :) ale i tak by mě názor zajímal :)', 'Lenka Skovajsová', '737573884', 'banovjanka@seznam.cz', 'JPG', 0, NULL, NULL, 0, 700, 525),
	(455, 8, NULL, 'kamrád :)', 'to je zadeček co? :)', 'figo němčák', '777 078 223', 'smrckak@email.cz', 'jpg', 0, NULL, NULL, 0, 206, 309),
	(456, 8, NULL, 'Moje prdel :D', 'Moje Prdelka :D', 'Adam', '731884163', 'fernanndo97@gmail.com', 'JPG', 0, NULL, NULL, 1, 458, 525),
	(457, 8, NULL, '...', 'pro mě vítězná prdelka! :)', 'Jitka Škrancvá', '777415525', 'skran.j.cova@centrum.cz', 'JPG', 0, NULL, NULL, 1, 394, 525),
	(458, 6, NULL, 'Na pařbě neusínej jako první..', 'Zima 2010', 'Vít Borkovec', '777000529', 'v.borkovec@gmail.com', 'jpg', 0, NULL, NULL, 1, 604, 453),
	(460, 8, NULL, 'prdel', 'chceš naplácať?', 'Filip Chalupa', '+421915436203', 'kokso611@azet.sk', 'JPG', 0, NULL, NULL, 1, 549, 525),
	(461, 8, NULL, 'Má třetí chlouba...', 'první - to si všichni domyslí, druhý vypracované břišáky', 'Tomáš', '739938892', 'tom.82@klikni.cz', 'jpg', 0, NULL, NULL, 1, 475, 525),
	(462, 8, NULL, 'nelíbí ? nekoukej', '...', 'Milan Gregor', '607146101', 'milan.greg@seznam.cz', 'JPG', 0, NULL, NULL, 1, 700, 525),
	(463, 8, NULL, 'Pipinka', 'Líbí', 'Lucie', '722526400', 'cermakova.lucie@seznam.cz', 'jpg', 0, NULL, NULL, 0, 525, 525),
	(464, 8, NULL, 'Prdel(ka)', '..mého přítele :)', 'Mečíř Josef', '605508854', 'mecirjosef@email.cz', 'jpg', 0, NULL, NULL, 1, 314, 525),
	(465, 8, NULL, 'Zadeček', ':-)', 'Jaroslav', '720334724', 'j.spaca@seznam.cz', 'JPG', 0, NULL, NULL, 1, 404, 525),
	(466, 6, NULL, 'usnul a spi', 'czarotek 2010', 'Jan Jaroš', '721017308', 'marklar23@email.cz', 'jpg', 0, NULL, NULL, 1, 700, 525),
	(467, 8, NULL, 'David', '', 'Adéla', '776393619', 'adelastrnadova@seznam.cz', 'jpg', 0, NULL, NULL, 0, 534, 525),
	(468, 8, NULL, '...G...', '', 'juraj hotovy', '0910342807', 'georgeo@azet.sk', 'jpg', 0, NULL, NULL, 1, 700, 393),
	(469, 6, NULL, 'PF 2014', 'Zkuste taky vyzkoušet spát pod postelí a nohy mět na ní :-D', 'Gabriela Maňasová', '734758563', 'G.a.b.u.s.k.a.M@seznam.cz', 'jpg', 0, NULL, NULL, 1, 394, 525),
	(470, 6, NULL, 'Jizda MHD z akce', 'Australia styl', 'Michal Špaček', '724939806', 'mic.spacek@seznam.cz', 'jpg', 0, NULL, NULL, 1, 394, 525),
	(471, 6, NULL, 'Po pařbě', 'Chudakovi bylo blbe i kdyz spal :D', 'Aleš Hrabovský', '720694747', 'alertalert@seznam.cz', 'jpg', 0, NULL, NULL, 1, 394, 525),
	(472, 6, NULL, 'Privát', 'Když někdo na chvíli usne :/ :D', 'Diana', '605285842', 'dida.s@seznam.cz', 'jpg', 0, NULL, NULL, 1, 700, 525),
	(473, 6, NULL, 'Kde není peřina, postačí koberec', 'Když někdo pije 7 dní v týdnu, 31 dní v měsíci, 365 dní v roce, je mu jedno jak spí...', 'Markéta Čechová', '737165878', 'cechova.marketa007@gmail.com', 'jpg', 0, NULL, NULL, 0, 700, 525),
	(474, 6, NULL, 'Když je vše zadarmo...', 'Nejlepší párty je zadarmo...', 'Markéta Čechová', '737165878', 'cechova.marketa007@gmail.com', 'jpg', 0, NULL, NULL, 0, 700, 525),
	(475, 6, NULL, 'Odpolední lehárko', 'Každého probouzí zvonek - od budíku, od domácí, která od vás chce zaplatit nájem za uplynulé dva měsíce, ale někoho, někoho probudí zvonek od kola...', 'David Žváček', '776628028', 'zvacekdavid@seznam.cz', 'jpg', 0, NULL, NULL, 0, 394, 525),
	(476, 8, NULL, 'Zákaz vjezdu', 'Miláčka:*<3', 'Pavel Růžek', '777 747 276', 'domci789@gmail.cz', 'jpg', 0, NULL, NULL, 0, 700, 350),
	(477, 8, NULL, 'přiznání o sexu :D', 'no tak nevím jestli je nejkrajšie :OO ', 'Vlastimil Muller', '722719739', 'compaqix@seznam.cz', 'jpg', 0, NULL, NULL, 0, 394, 525),
	(478, 6, NULL, 'Fixa na železo', '', 'Roman Polanský', '720734368', 'RomPol92@gmail.com', 'jpg', 0, NULL, NULL, 0, 700, 523),
	(479, 6, NULL, 'Hořtice', '', 'Roman Polanský', '720724368', 'RomPol92@gmail.com', 'jpg', 0, NULL, NULL, 1, 700, 523),
	(480, 8, NULL, 'lamborghini zadeček', '', 'Monika M.', '774236545', 'monttyna@seznam.cz', 'jpg', 0, NULL, NULL, 1, 700, 394),
	(481, 6, NULL, 'Spinkání', '', 'Jan Mikeš', '776471451', 'mikes.jan1@gmail.com', 'jpg', 0, NULL, NULL, 1, 394, 525),
	(482, 6, NULL, 'Silvestr Hrušovany', 'Není nad to přijít ráno na benzinku objednat si kafe a slečna Vám taktně sdelí: "pane máte zelené ucho" ale už Vám zapomene říct, že máte na čele pi*u jak vrata. Jinak moje silvestrovská maska se jmenovala Milan Baroš!', 'František Sýkora', '+420725592525', 'rychlus_nedostihnutelnus@post.cz', 'jpg', 0, NULL, NULL, 1, 580, 435),
	(483, 6, NULL, 'Senecké ráno a východ slunce :D', '', 'Pohludka Roman', '731106399', 'Pohludka.Roman@seznam.cz', 'jpg', 0, NULL, NULL, 0, 700, 394),
	(484, 6, NULL, 'Nemohla najít cestu ke stanu :D', 'Trošku se chudák ztratila a skutálela se ze skály :D', 'Eliška Tuchyňová', '722956510', 'kristyna.hejnovaa@seznam.cz', 'jpg', 0, NULL, NULL, 0, 394, 525),
	(485, 8, NULL, 'Chce tady někdo přeříznout?', 'Zima nedorazila, tak není potřeba dříví :)', 'Honza', '724794740', 'michsa.5@gmail.com', 'jpg', 0, NULL, NULL, 0, 700, 525),
	(486, 8, NULL, 'Chce tady někdo přeříznout?', 'Zima nedorazila, dříví není třeba...;)', 'Honza', '724794740', 'michsa.5@gmail.com', 'jpg', 0, NULL, NULL, 0, 700, 525),
	(487, 8, NULL, 'Michal', '', 'Michael Krehel', '739953024', 'krehel.michael@seznam.cz', 'jpg', 0, NULL, NULL, 1, 295, 525),
	(488, 8, NULL, 'zadek', '', '-', '738147741', 'tilbr@post.cz', 'jpg', 0, NULL, NULL, 1, 451, 525),
	(489, 6, NULL, 'Spinká se', 'Punk is dead ', 'Jiří Kupčík', '606290629', 'kupcajs2@seznam.cz', 'jpg', 0, NULL, NULL, 1, 700, 525),
	(490, 6, NULL, 'crash :D', 'Pařba na třetí :D', 'Kristýna Mendralova', '724862186', 'TynkaMendralova1996@seznam.cz', 'jpeg', 0, NULL, NULL, 1, 525, 525),
	(491, 6, NULL, 'Denisova pipinka :D', 'Denisova pipinka :D', 'Darinka Konečná', '775218413', 'Daria.Konecna@email.cz', 'jpg', 0, NULL, NULL, 0, 394, 525),
	(492, 8, NULL, 'Stereo', '', 'Dřevojan Zbyšek', '603425287', 'drevo.jan@email.cz', 'jpg', 0, NULL, NULL, 0, 700, 468),
	(493, 8, NULL, 'W - Kundička', '', 'Vlasta', '606357361', 'Wenhy66W@seznam.cz', 'jpg', 0, NULL, NULL, 0, 656, 525),
	(494, 8, NULL, 'Malá, ale hezká', 'Malá, ale hezká :P', 'Marek Bürger', '722957795', 'burger.marek@yahoo.com', 'JPG', 0, NULL, NULL, 1, 700, 463),
	(495, 6, NULL, 'Frky po maturáku :D', '', 'Jakub Farkaš', '776250234', 'frki.kuba@seznam.cz', 'jpg', 0, NULL, NULL, 0, 275, 206),
	(496, 6, NULL, 'seňor Kuba', '', 'Daniela Kašpárková', '733554576', 'dancakasparkova@seznam.cz', 'jpg', 0, NULL, NULL, 1, 700, 523),
	(497, 8, NULL, 'Zadek', '', 'Lukáš', '666666666', 'aninka-10@seznam.cz', 'JPG', 0, NULL, NULL, 1, 700, 525),
	(498, 6, NULL, 'tatík', 'Po kalbě', 'Tomas Kendra', '774876604', 'tokendra@seznam.cz', 'jpg', 0, NULL, NULL, 1, 640, 480),
	(499, 6, NULL, ':D', '', 'Kristýna Zaťková', '726482184', 'KIKCA86@seznam.cz', 'jpg', 0, NULL, NULL, 1, 394, 525),
	(500, 8, NULL, 'holky, tato prdelka je svobodná :P', 'mm, snad ujde :/ chcete mě nějaká? :D Roman, 23y.', 'Roman', '775371404', 'sw.romi@hotmail.com', 'jpg', 0, NULL, NULL, 1, 700, 525),
	(501, 8, NULL, 'prdelka miláčka', '', 'Jiří Barnet', '605510916', 'jiribarnet@email.cz', 'jpg', 0, NULL, NULL, 1, 700, 393),
	(502, 6, NULL, 'Party Hard ....', '', 'Josef Zháněl', '777541223', 'pepa.zh@seznam.cz', 'jpg', 0, NULL, NULL, 1, 700, 525),
	(503, 6, NULL, 'Kendys', ':D :D :D', 'Tomáš Holík', '608057632', 'h.o.l@seznam.cz', 'jpg', 0, NULL, NULL, 1, 394, 525),
	(504, 6, NULL, 'Pravý úhel :D', '', 'Roman S', '608296366', 'Rooman7@seznam.cz', 'jpg', 0, NULL, NULL, 1, 700, 525),
	(505, 8, NULL, 'Miláček.. =)', 'A tak proč ne, kreslit mu to na záda a fotit to byla docela legrace.. =D', 'Jirka Beran', '728956554', 'civavicka1@seznam.cz', 'jpg', 0, NULL, NULL, 1, 394, 525),
	(506, 6, NULL, 'Narozeniny', 'Narvanej jak taška do Chorvatska, kámoš slavil 18. a vsadil se, že vypije Absintha do 0,3l :)', 'Petr Kolátor', '722902039', 'smah@atlas.cz', 'jpg', 0, NULL, NULL, 1, 274, 206),
	(507, 6, NULL, 'Lednička', 'Stalo se', 'Pavel Holásek', '605892884', 'holasek.pavel@gmail.com', 'jpg', 0, NULL, NULL, 1, 394, 525),
	(508, 6, NULL, 'Takhle se chodí domu z hospody :D', '', 'David Štrouf', '722036100', 'yukicsr@seznam.cz', 'jpg', 0, NULL, NULL, 1, 296, 525),
	(509, 8, NULL, 'nezávid', 'moje foto....a do soutěže tohle určitě patří..nebojím se toho a boxerky mám!----průhledné :D', 'Michal Hradil', '730144427', 'Crick4@seznam.cz', 'jpg', 0, NULL, NULL, 1, 700, 474),
	(510, 8, NULL, 'znaménko krásy', 'Zadek mého čumáčka :-P', 'Karolína Musilová', '777588815', 'kajous.musi@seznam.cz', 'jpg', 0, NULL, NULL, 1, 394, 525),
	(511, 8, NULL, 'Sedací souprava', '', 'Ondřej Bezucha', '734644409', 'the.sfinx@seznam.cz', 'jpg', 0, NULL, NULL, 1, 394, 525),
	(512, 6, NULL, 'harty part', '', 'Josef Zháněl', '777 541 223', 'pepa.zh@seznam.cz', 'jpg', 0, NULL, NULL, 1, 700, 525),
	(513, 8, NULL, 'Zadeček', '', 'Lukáš', '774105327', 'lucenko20@gmail.com', 'jpg', 0, NULL, NULL, 1, 359, 525),
	(514, 8, NULL, 'Rocky', 'JakoRocky vzadu jako Rocky vpředu...', 'Radek Adamčík', '721510720', 'Ojar1@seznam.cz', 'JPG', 0, NULL, NULL, 1, 640, 480),
	(515, 8, NULL, 'sexy zadek', 'tak co ujde ? :)', 'Majerník Petr', '776408334', 'p.majernik@seznam.cz', 'jpg', 0, NULL, NULL, 1, 700, 525),
	(516, 8, NULL, 'Zadeček', 'Krásný zadek mého přitele', 'Kateřina Crhonková', '731018992', 'tllouie@seznam.cz', 'JPG', 0, NULL, NULL, 1, 700, 525),
	(517, 8, NULL, 'Zadek', ':P', 'Martin', '739867103', 'rally15@seznam.cz', 'JPG', 0, NULL, NULL, 0, 330, 525),
	(518, 3, 1, 'Jaký kondom si vybrat?', 'Už jste někdy přišli do obchodu a nevěděli jste, jaký kondom si vybrat? Tak si je vyzkoušejte!', 'přiznáníosexu', '0', 'info@priznaniosexu.cz', '', 0, 1, NULL, 1, NULL, NULL),
	(519, 8, NULL, 'Dupina', 'Moje prdelka :-*', 'Ester', '736430128', 'superesther@seznam.cz', 'JPG', 0, NULL, NULL, 0, 391, 522),
	(520, 6, NULL, 'Som pirát, ktorý stroskotal.', 'To je tak keď pijem všetko čo vidím a potom sa rozhodnem, že idem domov.', 'Xénia', '000000000', 'soicaovaxenia@gmail.com', 'jpg', 0, NULL, NULL, 1, 573, 223),
	(521, 6, NULL, 'Party hard', 'Nikdy nepijte s pistolkami na vodu :D', 'Veronika Krajčová', '7287187429', 'VerKraj1994@seznam.cz', 'jpg', 0, NULL, NULL, 1, 700, 525),
	(522, 5, NULL, 'Moje! :)', 'Soutěž jsem prošvihla, já vím :) ale i tak by mě názor zajímal :) ', 'přiznáníosexu', '0', 'info@priznaniosexu.cz', 'JPG', 0, 1, NULL, 1, 700, 525),
	(523, 6, NULL, 'Vana. .)', 'Není nad vanu. .)', 'Luciána', '723824291', 'luciiijanka@seznam.cz', 'jpg', 0, NULL, NULL, 0, 700, 525),
	(524, 6, NULL, 'Kámoš', 'Takhle to dopadá, když se kámoš strašně zleje. :-D', 'Tomáš Vybíral', '728360177', 'Tomas.Vybiral25@gmail.com', 'jpg', 0, NULL, NULL, 0, 700, 525),
	(525, 6, NULL, 'Půlnoc v 7 ráno..:D', 'Tady někdo krapet přebral..:D', 'Veronika Jasinecká', '607068838', 'veronika.jasinecka@seznam.cz', 'jpg', 0, NULL, NULL, 0, 700, 525),
	(526, 6, NULL, 'dobré ráno z mražáku', '', 'Tomáš Martinek', '774148838', 'tomasmartinek@email.cz', 'jpg', 0, NULL, NULL, 0, 394, 525),
	(527, 6, NULL, 'dělaj ty svářečky nějaké silné', '', 'Tomáš Martinek', '774148838', 'tomasmartinek@email.cz', 'jpg', 0, NULL, NULL, 0, 314, 525),
	(528, 6, NULL, 'kristus :-D', '', 'Kateřina Škrášková', '775436719', 'askarko@seznam.cz', 'jpg', 0, NULL, NULL, 0, 700, 525),
	(529, 3, NULL, 'Všechna čest', 'Tomu říkám nápad. :-D', 'přiznáníosexu', '0', 'info@priznaniosexu.cz', 'gif', 0, 1, NULL, 1, 440, 391),
	(530, 3, NULL, 'Valnetýnka od naší fanynky', 'Tak tuto Valentýnku nám zaslala jedna naše fanynka. Prý dotyčný už bude vědět. Ať je ten dotyčný kdokoliv, má štěstí že má takovou holku. Co myslíte? ;-)', 'přiznáníosexu', '0', 'info@priznaniosexu.cz', 'jpg', 0, 1, NULL, 1, 504, 600),
	(533, 8, NULL, 'Vojín X-Y hlásí příchod', 'Nechtěl ,ale byl přemluven :-*', 'Pavel', '723315302', 'P.Kotasek@seznam.cz', 'JPG', 0, 1, NULL, 0, 700, 525),
	(534, 9, NULL, 'Pěkná inspirace, ne?', 'Takto jsme si dnes hráli s přítelkyní... ', 'přiznáníosexu', '0', 'info@priznaniosexu.cz', 'jpg', 0, 1, NULL, 1, 700, 600),
	(535, 9, NULL, 'Lukáš', ':)', ':)', '123456789', '12@SEZNAM.CZ', 'jpg', 0, 1, NULL, 0, 700, 478),
	(536, 9, NULL, 'jednou večer.. :)', '', 'H. Bariova', '774191491', 'hana491@seznam.cz', 'jpg', 0, 1, NULL, 1, 700, 395),
	(537, 9, NULL, 'Zaškrcená  rozkoš', 'Jemně přiškrtit a hluboko na věc! ', 'Jindřich Nevěděl', '607252115', 'rastafarianoo@seznam.cz', 'jpg', 0, 1, NULL, 1, 700, 394),
	(538, 9, NULL, 'Šuk Šuk :*', '', 'Martin', '608922918', 'Marti.NeKK@seznam.cz', 'JPG', 0, 1, NULL, 0, 315, 525),
	(540, 9, NULL, 'Muj maly', 'snad neurazi', 'Adam Novotný', 'nic', 'nic', 'jpg', 0, 1, NULL, 0, 700, 525),
	(541, 9, NULL, 'Zadek :P <3', 'Jsem se nudila :P ', 'Lucinka Nováková :)', 'nic', 'nic', 'jpg', 0, 1, NULL, 1, 188, 525),
	(542, 9, NULL, 'Tak nějak já no... :D', 'Klidně piš mail :D TaxPvP@seznam.cz Nudim se :-)', 'Tom', 'nic', 'nic', 'jpg', 0, 1, NULL, 1, 656, 525),
	(543, 9, NULL, 'Krásné ráno', '', 'Daniel :)', 'nic', 'nic', 'JPG', 0, 1, NULL, 1, 394, 525),
	(544, 9, NULL, 'pouta', 'když musíš, tak musíš :-D', 'David a Barča', 'nic', 'nic', 'JPG', 0, 1, NULL, 1, 700, 467),
	(547, 9, NULL, 'Mezi kozičky :)', 'Šup ho tam :)', 'Martin Kraus', 'nic', 'nic', 'JPG', 0, 1, NULL, 0, 700, 525),
	(548, 9, NULL, 'summer', 'summer', 'summer', 'nic', 'nic', 'jpg', 0, 1, NULL, 1, 394, 525),
	(549, 9, NULL, 'Po ránnu', 'po ránnu když vztane pritelkyne :) ', 'Lukas', 'nic', 'nic', 'jpg', 0, 1, NULL, 1, 394, 525),
	(550, 9, NULL, 'odpoledni siesta', '', 'Danecek a Vendulka', 'nic', 'nic', 'jpg', 0, 1, NULL, 1, 700, 525),
	(551, 6, NULL, 'nedopadlo to nejlíp', 'prej to byla dobrá párty škoda že sem tam nebyla :D', 'fuckbook', 'nic', 'nic', 'jpg', 0, 1, NULL, 0, 394, 525),
	(552, 9, NULL, 'leto', 'letooo', 'Lea', 'nic', 'nic', 'jpg', 0, 1, NULL, 1, 394, 525),
	(553, 9, NULL, 'První odvážnej', 'No co někdo sem musel dát něco odvážného aby se to trošku rozhoupalo. Když slečny posílali prsa tak chlap nemůže poslat nic jiného než tohle. :-D', 'David', 'nic', 'nic', 'JPG', 0, 1, NULL, 0, 700, 467),
	(554, 9, NULL, 'váš nazor ?', 'ahoj chci se zeptat či je malý nebo akorát ', 'TO je jedno', 'nic', 'nic', 'jpg', 0, 1, NULL, 0, NULL, NULL),
	(555, 9, NULL, 'Pěkná žíla :)', '', 'Aleš Tauler', 'nic', 'nic', 'jpg', 0, 1, NULL, 0, NULL, NULL),
	(556, 6, NULL, 'Velikonoce', '', 'Ondra', 'nic', 'nic', 'jpg', 0, 1, NULL, 0, NULL, NULL);
/*!40000 ALTER TABLE `images` ENABLE KEYS */;

-- Exportování dat pro tabulku pos.like_comments: ~0 rows (přibližně)
/*!40000 ALTER TABLE `like_comments` DISABLE KEYS */;
/*!40000 ALTER TABLE `like_comments` ENABLE KEYS */;

-- Exportování dat pro tabulku pos.like_images: ~0 rows (přibližně)
/*!40000 ALTER TABLE `like_images` DISABLE KEYS */;
/*!40000 ALTER TABLE `like_images` ENABLE KEYS */;

-- Exportování dat pro tabulku pos.like_statuses: ~0 rows (přibližně)
/*!40000 ALTER TABLE `like_statuses` DISABLE KEYS */;
/*!40000 ALTER TABLE `like_statuses` ENABLE KEYS */;

-- Exportování dat pro tabulku pos.party_confessions: ~0 rows (přibližně)
/*!40000 ALTER TABLE `party_confessions` DISABLE KEYS */;
INSERT INTO `party_confessions` (`id`, `note`, `mark`, `was_on_fb`, `create`, `release_date`, `sort_date`, `real`, `fake`, `fblike`, `comment`, `add_to_fb_page`, `adminID`) VALUES
	(5738, 'Po jedne letni akci zamej sazel cigara :-D', 1, 0, '2014-02-17 09:03:00', '2014-03-17 01:00:00', '2014-03-17 01:00:00', 0, 0, 0, 0, 0, 1),
	(5739, 'Pivní štafeta je pro děti. Sociál kokain čelendž je jiná palba.\r\nhttp://www.youtube.com/watch?v=HxWUD_qIKzQ', 1, 0, '2014-02-17 20:16:09', '2014-03-23 17:30:00', '2014-03-23 17:30:00', 0, 0, 0, 0, 0, 1),
	(5740, 'Tolik jsem toho zažila,tolik dnu a vikendu propažila!Tolik chlastu vypila a cigaret vykouřila,mám skvělej pravidelnej sex.Je mi 16,jsem studentka gymnazia a mám vyznamenání.6e si člověk uživá života,neznamená,že je hned outsider,co propadá a nikam to nedotáhne.Neodsuzujte!', 1, 0, '2014-02-19 16:39:12', '2014-03-17 02:00:00', '2014-03-17 02:00:00', 0, 0, 0, 0, 0, 1),
	(5741, 'Byly jsme se školou v soči parku v ůterý 18.2. Libil se mi tam jeden kluk a hodila sem mu do kapuce od bundy telefoni cislo. Kdyby si tohle četl napiš koment nebo rovnou SMS :)', 1, 0, '2014-02-20 16:09:48', '2014-03-17 03:00:00', '2014-03-17 03:00:00', 0, 0, 0, 0, 0, 1),
	(5742, 'Vždy,když se opiju ,tak svému nejlepšímu kamarádovi řeknu, jak moc ho miluju :/ ', 1, 0, '2014-02-20 23:31:19', '2014-03-17 07:00:00', '2014-03-17 07:00:00', 0, 0, 0, 0, 0, 1),
	(5743, 'Nesnáším, když jsem někde na akci a chce se mi pekelně srát.', 1, 0, '2014-02-22 16:07:52', '2014-02-23 13:30:00', '2014-02-23 13:30:00', 0, 0, 0, 0, 0, 1),
	(5744, 'Byl jsem na privátu v jednom bytě, a chlastala se Tequila. Sedělo se na pohovce v obýváku před televizí, a před náma byl takovej stolek. Už se mi chtělo strašně blejt, a ostatní pořád nalejvaly panáky. Nechtěl jsem se poblejt, ani vypadat jak vůl před ostatníma, tak jsem vždycky ten panák nenápadně vylil pod stůl (byl tam koberec) a přesunul se na jiný místo na pohovce. Do dnes to nikdo nezjistil', 1, 0, '2014-02-25 22:10:54', '2014-03-17 05:00:00', '2014-03-17 05:00:00', 0, 0, 0, 0, 0, 1),
	(5745, 'Vážně nechápu, co furt máte s tím kydancem, že opilý holky každýmu roztáhnou nohy :D Na každýho chlast působí jinak, někdo je veselej, někdo agresivní, někdo přítulnej, a fakt to tak není jen u chlapů, my ženský jsme taky lidi z masa a kostí, jedinej rozdíl v našich opileckých stavech je asi jen ten, že jsme dřív na káry než chlapi :D Každá droga (i chlast, a ten asi především) jen odhaluje, jací ve skutečnosti jsme...;)', 1, 0, '2014-02-28 17:28:30', '2014-03-17 07:30:00', '2014-03-17 07:30:00', 0, 0, 0, 0, 0, 1),
	(5746, 'Jednou na party se jeden DEBILNÍ spolužák vyspal s mojí kamarádkou  když se opili. Do teď ho za to ve třídě šikanuju. A nesnášim ho.', 1, 0, '2014-03-01 02:10:19', '2014-03-17 08:00:00', '2014-03-17 08:00:00', 0, 0, 0, 0, 0, 1),
	(5747, 'Silvestr ..jsme slavily 4 dny v kuse 5 den zkončila kámoška na fízlárně =DD nejlepší kalba :D .. celkem to dělalo 20 panáku 6 skleniček džusu s vodkou a 9 velkých piv.. =D ..(KV,JK <3 )', 1, 0, '2014-03-02 21:19:11', '2014-03-17 08:30:00', '2014-04-26 16:03:43', 0, 0, 0, 1, 0, 1),
	(5748, 'Jednou když měla segra narozky...24let....tak jsme se ožraly už doma a pak že to dojedem někde v baru nejlíp u SOBA :D vzal jsem si peněženku,kliče a phoun, došli jsme tam ja měl u sebe nějakejch 700 kč a segra 1500 tam jsme se ožraly jak prasata a rano jak jsem se vzbudil asi po hodinovém spánku tak mě napadlo že pujdu do kaufu pro další ,,pití,, :D a jak tak platim tak si všimnu že mám v peněžence 2580kč nechapu to do teď :D a dojdu dom a segra mi hlásí že má taky dva a pul litru takže jsme nechapaly oba dva :D a v tom baru nejsou žadne vyherni automaty :D takže jsme asi chlastaly zdarma :D ', 1, 0, '2014-03-03 22:14:03', '2014-03-17 09:00:00', '2014-03-17 09:00:00', 0, 0, 0, 0, 0, 1),
	(5749, 'Jednou jsme se s přítelem ve městě, který je hodinu pěšky od nás, "lehce" nalili :D No a co jsme nedostali za skvělej nápad-nechtělo se nám chvátat na poslední spoj, tak že půjdeme pěšky :D Cestou jsme se pokoušeli zkopávat patníky a podobný píčoviny, prostřední a poslední část si nepamatuju, no přijdeme domů a ráno podle fotek zjistíme, že nám cesta trvala asi 3 hodiny, nechápali jsme...:D', 1, 0, '2014-03-04 14:56:17', '2014-03-17 09:30:00', '2014-03-17 09:30:00', 0, 0, 0, 0, 0, 1),
	(5750, 'na mojí asi první pařbě sem o to prisla se 3 klukama. od té doby chodím ke komu se dá spávat s klukama', 1, 0, '2014-03-05 20:15:33', '2014-03-17 10:00:00', '2014-03-17 10:00:00', 0, 0, 0, 0, 0, 1),
	(5751, 'Vraceli jsme se s kamarádem z maturáku, oba dva samozřejmě nezletilý, já si navíc zapomněl občanku... měli jsme toho dost, navíc jsme byli i docela zkouřený :D No šli jsme tim městem a dělali bordel... bylo tak 4 ráno, zvonili jsme na lidi, kopali do popelnic, převrátili jsme nějákej květináč... a najednou, jdeme a vedle nás zastavěj benga :D na útěk bylo pozdě, tak jsme si popovídali. Řekli jsme že občanky nemáme, odprosili jsme je, aby nás nebrali sebou a nakonec jsme ani nemuseli dejchat, odjeli, ale my jsme dostali paranoidní stavy a ještě hodinu jsme strávili asi na 100m silnice přebíháním mezi autama a skrýváním se :D ...pak to ráno, kdy vám všechno dojde, uaaa :D', 1, 0, '2014-03-05 22:35:32', '2014-03-17 10:30:00', '2014-03-17 10:30:00', 0, 0, 0, 0, 0, 1),
	(5752, 'Jednou po akci jsme měli jít na vlak, cesta obyčejně trvá tak cca 20 minut no ale mi si vzaly na cestu láhev slivovice, na vlak jsme samozřejmě napití došly asi za 3 hodiny tak jsme tam ještě popíjely a přemýšlely jak se dostanem domů. Ráno jsem se vzbudil někde mezi místem kde jsem čekal na vlak a místem o kterém jsem v životě neslyšel na sobě reflexní vestu a v kapsi náhubek od policejního měřiče alkoholu a lístek na kterém stálo, velmi nečitelně, "prosím, už nikdy nepij"', 1, 0, '2014-03-07 00:11:20', '2014-03-17 11:00:00', '2014-03-17 11:00:00', 0, 0, 0, 0, 0, 1),
	(5753, 'Upozorňuju - je to dlouhý, kdo nechce, ať to nečte.\r\n\r\nTo jdu tak v pátek na pivo s kámošem... dvě a půjdem domů. Zvedáme se k odchodu. Mezi dveřma přijdou starý kámoši. No co, dam ještě jedno.\r\n\r\nO 3 hodiny později... (a 1. telefonu od ženy). Tak fajn kluci jdem domů... jenže situace se opakuje. Odešli, já zůstal s nově nalezenými přáteli.\r\n\r\nV sobotu v 7 ráno (po dalších asi 3 telefonech od ženy) zmizeli noví kamarádi, ale co, barmana znam, končí mu směna, chce si dát pivko a já jedu dál. \r\n\r\nV 11 přichází staří kamarádi z předešlýho dne na vyprošťováka - vítám je a jsem rád že mám zase společnost.\r\n\r\nPopíjíme do podvečerních hodin. V telce začíná fotbal - chtěl jsem koukat. (Žena už píše jen SMS že už mě nečeká, odepisuju, že dělá dobře).\r\n\r\nNěkdy po 9 fotbal končí - v baru to ale žije... Přemůžu se a nejdu domů (vypínám telefon).\r\n\r\nNěkdy mezi 3-4 hodinou ráno... \r\nPřed chvílí někdo pustil jukebox a pouští se samý super pecky. V uličce 1,5x8metrů se začíná tancovat. Tancuju taky.\r\n\r\nRozednilo se, přemejšlim že bych asi měl vyrazit. Zvedam se, otevírám dveře baru. Vyděsí mě jasný světlo a vracim se zpátky na poslední pivo.\r\n\r\nmezitím - nepamatuju si...\r\n\r\nJe 5 odpoledne. Odešel jsem. Vracim se domů, a říkám ženě že za to nemůžu. Jsem trochu unavenej a jdu spát.\r\n\r\nBudim se. Je pondělí, půl 11 dopoledne. přemejšlim jestli má cenu zkoušet jít od 7 od rána do práce. Nemá, to už fakt nestihnu. Beru si dovolenou a střízlivim cca do večera.\r\n\r\nDělám rozhodnutí - dlouho nebudu pít. \r\na Vydržel jsem... celých 6 dnů.\r\n\r\n', 1, 0, '2014-03-07 10:07:59', '2014-03-17 11:30:00', '2014-03-17 11:30:00', 0, 0, 0, 0, 0, 1),
	(5754, 'po každý kalbě se probudím se dvěma cizíma holkama ', 1, 0, '2014-03-11 19:11:20', '2014-03-17 12:30:00', '2014-03-17 12:30:00', 0, 0, 0, 0, 0, 1),
	(5755, 'Před měsícem jsem byl na zábavě v Praze a bylo to tam super,byl jsem tak unavený že jsem usnul ve vlaku a kdyby mě průvodčí nevzbudil asi bych jel někam jinam :D', 1, 0, '2014-03-12 18:17:22', '2014-03-17 12:00:00', '2014-03-17 12:00:00', 0, 0, 0, 0, 0, 1),
	(5756, 'Jednou,když jsem kalil,jsem potkal Jendu Málka no supr pocir', 1, 0, '2014-03-13 09:03:31', '2014-03-23 18:00:00', '2014-03-23 18:00:00', 0, 0, 0, 0, 0, 1),
	(5757, 'Jednou na housepárty u kamaráda jsme za jeden večer urvali umyvadlo, rozbili lustr a vyrazili dveře(na jeho rozkaz).\r\nNa příštího Silvestra tam jdeme znovu.', 1, 0, '2014-03-13 15:38:13', '2014-03-17 13:00:00', '2014-03-17 13:00:00', 0, 0, 0, 0, 0, 1),
	(5758, 'Když se opiju, zpívám Na Pankráci.', 1, 0, '2014-03-14 18:31:06', '2014-03-17 13:30:00', '2014-03-17 13:30:00', 0, 0, 0, 0, 0, 1),
	(5759, 'Ten pocit, když se ráno po kalbě podívám do peně...kurva kde mám peněženku?!', 1, 0, '2014-03-15 23:39:13', '2014-03-17 14:00:00', '2014-03-17 14:00:00', 0, 0, 0, 0, 0, 1),
	(5760, 'jednou jak sme šli z bitu napiti. tak sme šli přes naměsti do hospody a jaksme byli na naměsti tak sem pochcal podchod. celu dobu sem řval bila sila bila liga!!!!!!', 1, 0, '2014-03-17 21:05:00', '2014-03-23 15:30:00', '2014-03-23 15:30:00', 0, 0, 0, 0, 0, 1),
	(5761, 'Když mi bylo kolem kolem 17ti, tak jsem se v zimě brutálně ožral v Brzkově a protože jsem byl fakt moc, tak jsem se cestou domů ztratil :D Cestou jsem stopoval auta abych se zeptal na cestu, ale nikdo nezastavil. Po chvíli jsem si všimnul, že jedoou policajti a tak jsem je začal stopovat taky, naštěstí nezastavili... Pak mi přišlo, že vidím tu správnou odbočku na cestu domů a tak jsem tam vlezl, ale asi se mi to jen zdálo a až po půl hodině brodění se po kolena ve sněhu na poli jsem narazil na tu správnou cestu :D', 1, 0, '2014-03-17 21:16:04', '2014-03-23 18:30:00', '2014-03-23 18:30:00', 0, 0, 0, 0, 0, 1),
	(5762, 'Ten pocit, když tvoje kamarádka skáče na venkovské akci do rybníka a ty u toho nejsi ! -_- :DDDDDD', 1, 0, '2014-03-18 13:10:09', '2014-03-23 19:00:00', '2014-03-23 19:00:00', 0, 0, 0, 0, 0, 1),
	(5763, 'Ten pocit, když skáče tvá kamarádka na venkovské akci do rybníka a ty nejsi u toho :O', 4, 0, '2014-03-18 15:19:31', '2014-03-23 14:23:34', '2014-03-23 14:23:34', 0, 0, 0, 0, 0, 1),
	(5764, 'Jsem opilá na každé party, nikdy nebliju, bavím se spořádaně, s nikým se nekousám a nikdy mi nechyběla ani koruna.. Řekli mi že to mám v rodině.. Ale při pohledu na mého bratra, který je opije ze dvou fernetů, myslím že je to sílou vnitřního ducha.', 1, 0, '2014-03-19 16:28:01', '2014-03-23 19:30:00', '2014-03-23 19:30:00', 0, 0, 0, 0, 0, 1),
	(5765, 'https://fbcdn-sphotos-b-a.akamaihd.net/hphotos-ak-frc3/t1.0-9/1514273_587205968021877_2114819791_n.jpg ... Fail ze Silvestra 2013/14 ze Zlínského clubu Music-Land :-) Holka s klukem vepředu vypadají, jako by byli zrovna v nejlepším, další kluk vpravo na ně čumí jak... :D Vzadu si můžete všimnout uprostřed, že jeden kluk druhému šahá na koule a vlevo další čumí holce na kozy :-D Docela dobrá fotka, ne? ZLÍN POWA!', 1, 0, '2014-03-19 18:58:18', '2014-03-23 20:00:00', '2014-03-23 20:00:00', 0, 0, 0, 0, 0, 1),
	(5766, 'zkuste si vypít: 3 tequily, 5 křídel, 4 zelený, 6 cuba libre a 1 sexy beach a jít dom pěšky z podpatkama :) a stejně nevím jak jsem vyšla pak schody domů no mazec :) :)', 1, 0, '2014-03-19 21:02:27', '2014-03-23 20:30:00', '2014-03-23 20:30:00', 0, 0, 0, 0, 0, 1),
	(5767, 'kdyz si tak procitam prispevky v tyhle skupine tak si rikam "i dont want to live on this planet anymore"... tretina je imho naprosto vymyslenejch, druha tretina je od wannabe teen deticek co si myslej ze sou drsny a treti tretina je mozna pravdiva ale pisou ji naprosty pice... taky sem si v puberte tohohle uzil, taky sem se mockrat zridil do hoven ale vzdycky sem trefil dom po svejch, bez pomoci, nestrkal sem klice do skvir v chodniku ani se nevysral v pokoji misto na hajzlu, tak zbyva otazka jestli je fakt zbytek populace tak retardovanej nebo si potrebujou boostnout ego smyslenejma storkama na anonymnich priznanich... vsechen chlast bych vylil do hajzlu a substituoval ho hulenim, na svete by bylo mnohem lip... peace ', 1, 0, '2014-03-21 22:46:22', '2014-03-23 21:00:00', '2014-03-23 21:00:00', 0, 0, 0, 0, 0, 1),
	(5768, 'Slavil sem se 4 kamarádama narozeniny, že se vožralo přes 30 lidí sem čekal a sem za to rád, že se lidi poblejou a poblejou postele, to taky beru. Že budu platit tolik co sem platil skousnu a velice rád. Ale že někdo nasere do místnosti na prostěradla na židli, která tam byla a prdel si utře jedním z prostěradel už je i na mě moc!!! Zkrátka úklidový den byl celý o hovně ', 1, 1, '2014-03-23 21:35:43', '2014-04-13 14:00:00', '2014-04-13 14:00:00', 0, 0, 0, 0, 0, 2),
	(5769, 'Nechápu ty lidi kteří káždy víkend chodí chlastat ožerou se co to dá utratěji spoustu peněz a maj z toho co ? NIC. A potom si ještě stěžujou že nemaji na něco peníze. No ještě aby jo když furt chlastáte. Neřeknu když se ožerete 1-2 do měsíce ale káždej víkend ? ', 1, 1, '2014-03-24 20:36:15', '2014-04-13 14:30:00', '2014-04-13 14:30:00', 0, 0, 0, 0, 0, 2),
	(5770, 'Jednou, už ani nevím kolik mi bylo asi 16, nebo 17 jsem se zdělal jak dobytek v hospodě při dopíjení sudu po jedný soukromý akci. Už od oběda jsem točil pivo a průběžně jsem ho lil i do sebe a zajídal to utopencema s cibulí. Ještě než se začalo stmívat, tak už mě museli táhnout domů, protože jsem usnul za pípou a půllitry ostatních lidí už byly skoro prázdný. Doma jsem se svalil do postele a tam se mi udělalo nehorázně blbě. Instinkt mi říkal, že na záchod to už nestihnu a tak jsem otevřel okno, shrnul všechno co u něj bylo na zem a vyblil jsem se z něj. Poblil jsem si ale i oblečení a tak jsem se svlíkl a šel se umejt do koupelny. Bohužel jsem si neuvědomil, že je tepve pozdní odpoledne a tak mě cestou vidělo pár příbuzných jak se potácím nahej po chodbě, včetně mý babičky. Druhej den jsem se vzbudil s brutální kocovinou a šel jsem uklízet škody. Na zdi pod oknem ze kterýho jsem blil byl slušnej flek, v kytkách pod ním byly kusy utopenců a přímo na kytkách byly navlečený kolečka vyblitý cibule. Ještě dlouho po tom jsem radši z pokoje moc nevycházel. A teprve nedávno jsem zjistil, že při tom blití z okna na mě koukala sousedka od naproti. ', 1, 1, '2014-03-25 21:48:07', '2014-04-13 15:00:00', '2014-04-13 15:00:00', 0, 0, 0, 0, 0, 2),
	(5771, 'Jako nechápu celej smysl těhle přiznání. Možná to vzniklo, aby každej mohl anonymně přidávat různý svý storky, jenže vesměs i na sebelepší přiznání se najde XY superdůležitých idiotů, kteří si myslí, že sežrali všechnu moudrost světa, a píčujou co jim prsty na klávesnici stačí. Nuda? Mindrák? Nebo obojí?! Proberte se proboha...anebo sem lískněte teda nějakou svojí storku, ať se můžem pobavit, když holt máte asi lepší! ;)', 1, 1, '2014-03-26 15:42:28', '2014-04-13 15:30:00', '2014-04-13 15:30:00', 0, 0, 0, 0, 0, 2),
	(5772, 'Zdá se mi to, nebo prostě tady nemá cenu cokoliv psát, protože víc, než polovina lidí tu jsou abstinenti s nutkavou potřebou někoho moralizovat?', 1, 1, '2014-03-26 15:55:04', '2014-04-13 16:00:00', '2014-04-13 16:00:00', 0, 0, 0, 0, 0, 2),
	(5773, 'To je tak když se párty zvrhne a ve 3 ráno někoho napadne dojit sousedovu kozu https://www.youtube.com/watch?v=goQlMmHEwE4', 1, 1, '2014-03-26 16:40:57', '2014-04-13 16:30:00', '2014-04-13 16:30:00', 0, 0, 0, 0, 0, 2),
	(5774, 'Nejvíc adrenalinový sport na světě - Podívat se ráno do peněženky...', 1, 1, '2014-03-27 18:22:33', '2014-04-13 17:00:00', '2014-04-13 17:00:00', 0, 0, 0, 0, 0, 2),
	(5775, 'Dnes ráno, teda spíš v poledne jsem se probudil a měl sem u postele skládací koloběžku. Absolutně nechápu, jak se tam kurva dostala. Pokoj mám v patře a cesta z hospody domů je do brutálního kopce.(cca půl kiláčku)\r\nP.S. Slibuji už po 62, že už nebudu pít konve.\r\nKalbě zdar.', 1, 1, '2014-03-29 15:37:28', '2014-04-13 17:30:00', '2014-04-29 10:06:29', 0, 0, 1, 0, 0, 2),
	(5776, 'Tancoval sem s jednou holkou,když se mi třela o zadek a šla do kolen dolů,usral sem si jí skoro do ksichtu... odešla... ', 1, 1, '2014-03-29 17:19:05', '2014-04-13 18:00:00', '2014-04-13 18:00:00', 0, 0, 0, 0, 0, 2),
	(5777, 'Ožrali jsme se tak,že sme narvali tlustýho plešatýho kámoše do babyboxu... Odvezli nás na záchytku ', 1, 1, '2014-03-29 17:21:04', '2014-04-13 18:30:00', '2014-04-13 18:30:00', 0, 0, 0, 0, 0, 2),
	(5778, 'Jestli vás někdo někdy vyzve na picí výzvu: ,,kdo toho víc vypije." Dejte si LSD, stačí půlka. Alkohol s vámi nic neudělá, tu drogu prostě nepřepijete a tím pádem můžete vypít opravdu velké množství alkoholu. ', 3, 0, '2014-03-29 19:08:26', '2014-04-13 19:00:00', '2014-04-13 19:00:00', 0, 0, 0, 0, 0, 2),
	(5779, 'Jednou jsem se ožral na ruský ambasádě a pak se mi zdálo o korunovačních klenotech.\r\nhttps://www.facebook.com/MiloshZmn?fref=ts', 0, 0, '2014-03-29 21:54:51', NULL, NULL, 0, 0, 0, 0, 0, NULL),
	(5780, 'Miluju zatuchlý hospody a jejich omamnej hospodskej pach :D a čim víc smradlavá hospoda tím víc mě láká jít na pivo :D', 3, 0, '2014-03-30 11:30:27', '2014-04-13 19:30:00', '2014-04-13 19:30:00', 0, 0, 0, 0, 0, 2),
	(5781, 'Jjo jednou jsem přišel z akce. Odemknu dveře, vejdu do chodby a chci si zout boty, ale nějak to nejde... :/ Ráno se vzbudím s botami na nohou a z botníku třísky :D', 3, 0, '2014-04-01 20:39:43', '2014-04-13 20:00:00', '2014-04-13 20:00:00', 0, 0, 0, 0, 0, 2),
	(5782, 'V dubnu loňského roku jsem se na Melodce tak sešrotovala, že jsem se cestou na MHD pomočila  a musela si vzít taxík. Naštěstí mě vzal, ale i tak se mi ta akce prodražila. Tohle už nechci zopakovat. :-(', 3, 0, '2014-04-01 22:07:17', '2014-04-13 20:30:00', '2014-04-13 20:30:00', 0, 0, 0, 0, 0, 2),
	(5783, 'Na maturiťáku jsem prý tančila se čtvrtinou profesorů z gymplu.', 3, 0, '2014-04-02 16:52:40', '2014-04-13 21:00:00', '2014-04-13 21:00:00', 0, 0, 0, 0, 0, 2),
	(5784, 'už asi došla přiznání :D že asi před půl rokem jsem měl zeď zaspamovanou a teď to vydívám jen někdy :D NĚCO S TÍM UDĚLEJTE ALKÁČI :D', 3, 0, '2014-04-02 19:06:10', '2014-04-13 21:30:00', '2014-04-13 21:30:00', 0, 0, 0, 0, 0, 2),
	(5785, 'Vždycky když je nějaká pořádná akce, mám nutkání něco ničit. Klasika je, že něco pořádně pochčiju. Když už je to tvrdší párty tak se spolčím s někým, koho někdy i vůbec neznám, a děláme strašné pi***iny :D Na řadu přicházejí klasicky značky, popelnice, zastávky ale třeba i kola, poklice od aut, ploty, omotávám věci hazl papírem....No je toho hodně a vždycky z toho mám strašnou prdel a druhý den mě to sere, takže často chodím a ty věci zpravuju :D ', 3, 0, '2014-04-02 21:11:50', '2014-04-13 22:00:00', '2014-04-13 22:00:00', 0, 0, 0, 0, 0, 2),
	(5786, 'Minulý rok na májku to bylo docela zajímavé.\r\nMěl jsem školu do tří hodin a pak jsem šel hned na trénink, takže jsem nejedl ani moc nepil, což se mi potom dost vymstilo. \r\nPo tréninku jsem šel rovnou na oslavu a tam vypil tak 300ml. vodky, 4 litry piva s chlebem a několik dalších hnusů.. Byl jsem tak moc, ale stále jsem dokázal odmítnout mariuhanu :) \r\nNemohl jsem vůbec chodit, celý svět se kompletně točil a s ním i můj žaludek. Házel jsem to kam jsem si stoupnul.. Uvědomil jsem si, že v takovém stavu, tam vážně být nemohu a nějakým způsobem přátelé dovedli domů. Tam jsem si ještě oblečený vlezl do vany a poštěl na sebe studenou vodu. Když mě tam viděl otec, akorát se mi vysmál :D \r\nTento rok to plánujeme s kamarádem ještě větší, zveme každého, tak klidně přijďte! \r\n(Druhý den jsem se dozvěděl, že jsem pochcal auto svého strejdy. Neuvěřitelně jsem se tomu vysmál.) ', 3, 0, '2014-04-03 21:10:05', '2014-04-13 22:30:00', '2014-04-13 22:30:00', 0, 0, 0, 0, 0, 2),
	(5787, 'S dlouholetým kamarádem jsme se rozhodli jít na jedno pivo. No, po třech pivech jsme se rozhodli, že půjdem dělat hospodskou turistiku dál. Po třetí hospodě si toho pamatuju málo, spíš nic. Hlavně to, že tequilla a pivo v žaludku je špatná volba. Cestou domů busem se mi jaksi přidělalo blbě, takže se to jaksi vylilo na podlahu ještě v autobuse. Nevím, že si toho nikdo nevšiml, ale jestli znáte ty poslední busy co jezděch, ne nadarmo se jim říká opilecký. To je naštěstí prakticky vše, co si pamatuju. Kamarád dopadl dobře, teda až na to že se probral a měl nablito jak v posteli, tak na podlaze a na notebooku.\r\n\r\nzkrátka klasická ústecká hospodská turistika', 3, 0, '2014-04-04 23:59:47', '2014-04-13 23:00:00', '2014-04-13 23:00:00', 0, 0, 0, 0, 0, 2),
	(5788, 'Piju celkem často,ale tohle se mi ještě opravdu nestalo a doufám,že nestane. V práci jezdím s vysokozdvižným vozíkem a po pařbě se mi zdálo,jak potřebuju chcát v té práci. Vylezl sem z ještěrky,ale byli tam palety a já se nemohl nikam dostat,řekl jsem si,že na to seru a že se prostě vychčiju na kola ještěrky...Náhle sem se probudil v tom nejhoršim okamžiku, přistihl jsem se jak chčiju na dveře ve svém pokoji...Ráno sem se hanbou málem propadl,když sem mě máma ptala,co dělají ty mokrý trika v koupelně (neměl jsem to čím utřít)... Doufám,že nejsem jediný kdo má podobný zážitek :D ', 3, 0, '2014-04-05 08:38:06', '2014-04-13 23:30:00', '2014-04-13 23:30:00', 0, 0, 0, 0, 0, 2),
	(5789, 'Jednou jsem takhle před akci popíjel s kámošemma vodku s džusem a ruma s colou. Taky tam padnul nějakej weed. Když jsem pak s jednym kámošem směřoval dovnitř, protáhnul jsem se tam jako 18 letej :) (jsem mladší)\r\nKdyž jsem něco ještě popil vevnitř, tak jsem šel ven a tam byla strašně velká fronta lidí. A jelikož jsem měl něco v sobě tak jsem začal křičet že vstup na mojí párty je zdarma :D \r\nDodnes si pamatuju ty výrazy lidí a security :D\r\nPS: Pak jsem tam Už nemohl', 3, 0, '2014-04-06 15:21:07', '2014-04-14 00:00:00', '2014-04-14 00:00:00', 0, 0, 0, 0, 0, 2),
	(5790, 'jednou kdyz sme se s kamosema a kamoskou ozrali, tak kdyz sem pak dosla domu a sla vencit psa, ve vejtahu sem mu omylem poblila hlavu......', 3, 0, '2014-04-07 11:19:47', '2014-04-14 00:30:00', '2014-04-14 00:30:00', 0, 0, 0, 0, 0, 2),
	(5791, 'příští sobotu Je v Novém Jičíně LIR tak se tam všeci sejdem a zaklíme :D "Dobajs"', 0, 0, '2014-04-10 18:55:02', NULL, NULL, 0, 0, 0, 0, 0, NULL),
	(5792, 'Mám takových zážitků z kaleb! Tolik jsem jich zažila! Jen škoda, že si ze všech pamatuji jen něco a dohromady nic...:D', 3, 0, '2014-04-11 19:29:33', '2014-04-14 01:00:00', '2014-04-14 01:00:00', 0, 0, 0, 0, 0, 2),
	(5793, 'dneska sem jel domů z kalby posledňákem...sednul sem si a na chvíli usnul..a pak sem se probudil o dvě sedačky vedle..netuším jak sem se přesunul :-D', 3, 0, '2014-04-12 09:11:56', '2014-04-14 02:00:00', '2014-04-14 02:00:00', 0, 0, 0, 0, 0, 2),
	(5794, 'kdybych měl psát co se mi všechno stalo tak tady budu do vánoc...prostě legenda Jaroměře :D :D :D', 3, 0, '2014-04-12 17:12:23', '2014-04-14 03:00:00', '2014-04-17 02:02:47', 0, 0, 1, 0, 0, 2),
	(5795, 'Nedávno sem se tak střískal se 4 kámošema že sme si vzali nákupní vozíky z kauflandu a závodily snima po silnici asi 300 metrů od měštáků.Kámoše sem převrátil do křoví a asi mu zlomil ruku.Po našem řádění byli ty vozíky totálně zničený tak sme je dotáhli zpátky vzali si drobný a šli do hospody.', 0, 0, '2014-04-13 15:24:30', NULL, NULL, 0, 0, 0, 0, 0, NULL),
	(5796, 'Na kalbách dělám bordel, bavím se s každým, jako bych ho znala už odjakživa, ale jestli po někom lezu, tak možná po svým mladým, a v případě, že nikoho nemám, tak obvykle po nikom...a jako nechápu, co tady ty pipinky s tou svou opileckou nadržeností pořád maj, co je na tom k chlubení, že se nalitý vykurví s kdekým! :D', 0, 0, '2014-04-13 19:12:25', NULL, NULL, 0, 0, 0, 0, 0, NULL),
	(5797, 'Jednou jsem se na pařbě ožral tak že jsem si nepamatoval vůbec nic,mimo to že jsem všechno kolem mě zeblil jsem se v noci na mrazu probudil úplně v jiném městě než se ta bařba konala :D...Nebýt příjemné pokladní v jednom obchodě v tom městě asi bych se domů nedostal :D', 0, 0, '2014-04-14 14:28:24', NULL, NULL, 0, 0, 0, 0, 0, NULL),
	(5798, 'Kamarád bydlí ve stejnym baráku jako Jirka Lábus a jednou ho viděl ožralýho, jak leze do koše:DDD', 0, 0, '2014-04-14 19:07:34', NULL, NULL, 0, 0, 0, 0, 0, NULL),
	(5799, 'Jednou jsme šli pařit ke kámošovi na byt. Bylo nás asi pět. Když už jsme byli víc než v náladě, vidím kámoše jak sráží flašku z linky na zem, přitom další kámoš na někoho řve,co to kurva dělá. Vysmátě mu odpovídá, že na něho ta flaška blbě čuměla...:D Později slyším, křik z kuchyně... Ty č****u co zas děláš?!! Všichni jsme čuměli na toho kámoše, jak rozlívá colu po zemi kuchyně(v domnění, že cola je benzín) a přitom řve, že mu podpálí barák :D ...  ', 0, 0, '2014-04-14 20:42:51', NULL, NULL, 0, 0, 0, 0, 0, NULL),
	(5800, 'Svoje 18tiny jsem slavila na nejmenované párty v Opolanech. Zhulila jsem se tam jak pes. Byla jsem vysmátá, šla jsem ven, sedla si na zem a začala si na hlavu házet sníh (potřebovala jsem se schladit). Když jsem se zbavila stavu, zjistila jsem, že sedim v poli a "sníh" byl hlína. ', 0, 0, '2014-04-14 21:01:47', NULL, '2014-04-14 21:08:53', 0, 0, 1, 0, 0, NULL),
	(5801, 'Není nad to se ráno po kalbě vzbudit, zjistit, že je na tebe celej barák brutálně nasranej, ale ty si zaboha nemůžeš vybavit, proč...:D', 0, 0, '2014-04-15 16:11:47', NULL, NULL, 0, 0, 0, 0, 0, NULL),
	(5802, 'Na dovolené jsme se vožrali a s kamošema jsme v noci odtáhli karavan plný spících lidí do přehrady...rano jsme se všichni probrali na stanici s názvem policie..:D', 0, 0, '2014-04-15 19:11:43', NULL, NULL, 0, 0, 0, 0, 0, NULL),
	(5803, 'Jednou v pátek k večeru jsem šla jen tak s kamarádkou na cigárko. Vrátila jsem se v neděli odpoledne se slovy: "Čusky mamko, to by jsi nevěřila jak dlouho trvá než vykouříš jednu krabičku, 3 celé dny" ', 0, 0, '2014-04-16 18:54:55', NULL, NULL, 0, 0, 0, 0, 0, NULL),
	(5804, 'Takze kamos byl v Praze na naky akci ze ktery vyrazil asi ve 3 domu do Kolina.Ve vlaku usnul a zbudil se v Pardubicich, pockal na spatecni ve kterym znova usnul a zbudil se az na hlavaku ', 0, 0, '2014-04-17 07:34:10', NULL, NULL, 0, 0, 0, 0, 0, NULL),
	(5805, 'Už nikdy NEPIJU !!!', 0, 0, '2014-04-19 19:20:32', NULL, NULL, 0, 0, 0, 0, 0, NULL),
	(5806, 'Jednou jsem se vykousl s nejlepší kamarádkou a její Kluk to viděl no a jak nás viděl tak svolal svoje 2 Kamarády a šli mě zbít Potom ale zjistil že to nezvládne protože jsme u nás na vesnici kde mě všichni znají a postavili se za mě . :D', 0, 0, '2014-04-20 09:08:16', NULL, NULL, 0, 0, 0, 0, 0, NULL),
	(5807, 'Na silvestra (2012/2013) jsem byla ještě s jednou holkou u kamarádky.\r\nDvě jsme pily a jedna ne. To, co nám ta třetí vyprávěla, bylo opravdu epické. Menší příklad je, že jsme skákaly jsme po el. pianě a její táta za námi furt chodil, abychom nemlátily s dveřmi.  Ještě před půlnocí jsme pozvraceli její dům (z okna) a v šest ráno jsme vstávali abychom  \'pošpiněnou\'  zeď umyly a následně natřeli bílou barvou,kterou jsme ukradly u nás doma. Kamarádky máma kolem toho pořád chodí a přemýšlí, proč je to pod tím oknem tak bílé. Doteď na to nikdo nepřišel . Aby toho nebylo málo, ještě ten den jsme  vecpaly  k sousedům na privat kam jsme nebyly pozvané . (Nikdo nás nevyhodil)  \r\nLetošní silvestr jsme strávily u chlebíčků, chipsů,arašídů a koly.   \r\n', 0, 0, '2014-04-20 09:38:09', NULL, NULL, 0, 0, 0, 0, 0, NULL),
	(5808, 'Jednou jsem se vožral takovým způsobem, že jsem nemohl chodit. Zároveň jsem potřeboval srát a blejt. Kamarádi mě posadily na záchod a předemě dali kýbl. Kýbl jsem odkopl a místi do kýblu jsem si nablil do kalhot. Když jsem se poblil tak jsem si ovázal mikinu kolem pasu a nějak se dopotácel zpět.', 0, 0, '2014-04-20 10:05:44', NULL, NULL, 0, 0, 0, 0, 0, NULL),
	(5809, 'to jednou v pátek,když jsem vynášel smetí, se před domem zjevili přátelé, pevně rozhodlí pro řádnou chlastačku. Vrátil jsem se v neděli, po dvoudenním pohřešování :)', 0, 0, '2014-04-20 14:36:42', NULL, NULL, 0, 0, 0, 0, 0, NULL),
	(5810, 'Poblil jsem DJovi pult ', 0, 0, '2014-04-20 16:15:44', NULL, NULL, 0, 0, 0, 0, 0, NULL),
	(5811, 'Jednou jsme s kámoškou šli na party, ale museli jsme v půl dvanáctý být doma :D Domů jsme přisly v čas a trošku přiopité a v tu chvili nás nepadlo nic jinýho než skočit z okna :D když kámoška vyskočila, tak špatně dopadla na zem a zlomila si nohu :D ale to nás nezastavilo, společně jsme dopajdali do klubu, kde jsme protancovali noc :D a aby toho nebylo málo na té diskotéte jsme se potkali s mojí mámou :D ', 0, 0, '2014-04-20 17:54:42', NULL, NULL, 0, 0, 0, 0, 0, NULL),
	(5812, 'Jednou takhle v klubu jsem si řekl, že udělám trochu joke. S jedním tejpkem jsem šel dát boxera, ale navrhl jsem mu, že do toho nebouchneme rukou, ale nohou; kdo dá víc, platí panáka, klasika. Byl to fotbalista, takže si na mě docela věřil. Dal kopačku do toho boxera. Já jsem si vyhrnul rifle, sundal protézu, vzal si jí do ruky a rozmáchnul jsem se proti boxeru jako baseballkou; dal jsem víc a panák byl můj ;))', 0, 0, '2014-04-20 21:34:26', NULL, NULL, 0, 0, 0, 0, 0, NULL),
	(5813, 'Někdy, když jsme hodně pod parou, tak ze srandy hajlujem', 0, 0, '2014-04-20 22:47:59', NULL, NULL, 0, 0, 0, 0, 0, NULL),
	(5814, 'Nejlepší jsou ty pařby z pátku na pondělí :D ', 0, 0, '2014-04-21 17:36:16', NULL, NULL, 0, 0, 0, 0, 0, NULL),
	(5815, 'S kamarádem sme se domluvili, že se půjdeme ožrat. Nakoupili sme vodku a šli někam do terénu. Když už sme měli v sobě 3/4 flašky, začala sem ho líbat. Potom sem měla výčitky svědomí a donutila ho, ať tu flašku po cestě vyhodí (nechtěla sem aby to zašlo příliš daleko). Tak ji vyhodil a jak sem vystřízlivěla, říkala sem si, jaká sem kráva, protože Škoda chlastu.', 0, 0, '2014-04-21 22:24:22', NULL, NULL, 0, 0, 0, 0, 0, NULL),
	(5816, 'afsgdf', 0, 0, '2014-04-22 14:58:50', NULL, NULL, 0, 0, 0, 0, 0, NULL),
	(5817, 'Nenávidím když jdu z akce a ať už nechtěně nebo chtěně dostanu náladu cestovat, vždy to dopadne špatně, posledně jsem ještě 2 dny jezdil kolem města kam jsem chtěl jet protože jsem různě ve vlacích potkával kamarády a přidával se k nim na akce na které jeli. Nezapomenu tenkrát tu kocovinu po třech dnech chlastání. -_-', 0, 0, '2014-04-22 21:42:01', NULL, NULL, 0, 0, 0, 0, 0, NULL),
	(5818, 'Kamarát bol raz taký ožratý, že sa vyzliekol, vošiel do skrine, zavrel sa tam a začal sa sprchovať.', 0, 0, '2014-04-24 17:59:32', NULL, NULL, 0, 0, 0, 0, 0, NULL),
	(5819, 'Když se opiju tak brečím\r\nDruhy den se tomu s  kámošema smějeme :D', 0, 0, '2014-04-25 14:24:51', NULL, NULL, 0, 0, 0, 0, 0, NULL),
	(5820, 'Právě teď jsen ja sracky a není nad to vypít si aebstarou dobrou partou \'))', 0, 0, '2014-04-25 22:43:55', NULL, NULL, 0, 0, 0, 0, 0, NULL),
	(5821, 'Loňskou zimu jsem šel z dyzi nalamanej jako sviňa mohlo byt kolem 4 a byl jsem tak zduněnej že jsem si ani neodemkl dveře asi 20 minut jsem bouchal na dveře a uspěšně, otevřela mě teta, když se mě ráno máma ptala (nevim jak se dozvěděla že jsem bouchal) kde jsem měl klíče tak jsem odvětil že jsem si je nechal doma abych je neztratil a dostalo se mi odpovědi tak proč jsem je našla ráno hozený venku :D', 0, 0, '2014-04-26 17:51:18', NULL, NULL, 0, 0, 0, 0, 0, NULL),
	(5822, 'To jsem si takhle jednou vyrazila s kámošem do Prahy do klubu. Poznali jsme tam jednoho týpka a vídali se s ním pravidelně v Praze. Když jsme opět vyrazili do klubu, strašně jsem se opila a druhý den ráno jsem měla okno. :D což se mi normálně nestává...nejhorší na tom je, že mezi těma dvěma kámošema vznikla hádka a skončilo to na policii, když jsem byla vypovídat, dost jsem se divila a styděla..."slečno, pamatujete si, jak jste se dostali domů?", pan XY uvádí, že jste s ním měla pohlavní styk" ....no nepamatuju si absolutně nic :-/', 0, 0, '2014-04-26 21:34:44', NULL, NULL, 0, 0, 0, 0, 0, NULL),
	(5823, 'Jednou mi kamarádka po pařbě psala, že má video se mnou. Říkala jsem si, že to bude trapas, ale až jsem to viděla nestačila jsem se divit. Polovina byla o tom jak se bavím s rýnou a nadávám ji, že mi neodpovídá. Doteď nechápu jak jsem v tom stavu mohla tahat kámoše skoro kilometr domů mu ani sobě.', 0, 0, '2014-04-27 21:38:09', NULL, NULL, 0, 0, 0, 0, 0, NULL),
	(5824, 'Když půjdete domů, v krvi nějaký to promile, a už z dálky uvidíte fízly, radši to vemte jinudy, jsou schopný vám napařit pokutu za veřejný pohoršování i jen tak pro nic za nic, že se vracíte domů napitý se z toho vyspat a je holt asi sere, že vy máte volno a oni ne. A ne, nemusíte se ani moc motat nebo dělat bordel. Vlastní zkušenost.', 0, 0, '2014-04-28 06:51:31', NULL, NULL, 0, 0, 0, 0, 0, NULL),
	(5825, 'Jednou jsem odjel z diskoteky z Citova až do Přerova na názníku autobusu :D ..je i video :D to byla jazda kurwa', 0, 0, '2014-04-30 09:41:35', NULL, NULL, 0, 0, 0, 0, 0, NULL);
/*!40000 ALTER TABLE `party_confessions` ENABLE KEYS */;

-- Exportování dat pro tabulku pos.payments: ~0 rows (přibližně)
/*!40000 ALTER TABLE `payments` DISABLE KEYS */;
/*!40000 ALTER TABLE `payments` ENABLE KEYS */;

-- Exportování dat pro tabulku pos.region: ~0 rows (přibližně)
/*!40000 ALTER TABLE `region` DISABLE KEYS */;
INSERT INTO `region` (`id`, `name`) VALUES
	(1, 'Olomoucký kraj'),
	(2, 'Jihočeský kraj'),
	(3, 'Plzeňský kraj'),
	(4, 'Vysočina'),
	(5, 'Jihomoravský kraj'),
	(6, 'Ústecký kraj'),
	(7, 'Zlínský kraj'),
	(8, 'Středočeský kraj'),
	(9, 'Královéhradecký kraj'),
	(10, 'Liberecký kraj'),
	(11, 'Moravskoslezský kraj'),
	(12, 'Pardubický kraj'),
	(13, 'Karlovarský kraj'),
	(14, 'Hlavní město Praha');
/*!40000 ALTER TABLE `region` ENABLE KEYS */;

-- Exportování dat pro tabulku pos.status: ~0 rows (přibližně)
/*!40000 ALTER TABLE `status` DISABLE KEYS */;
/*!40000 ALTER TABLE `status` ENABLE KEYS */;

-- Exportování dat pro tabulku pos.stream_items: ~0 rows (přibližně)
/*!40000 ALTER TABLE `stream_items` DISABLE KEYS */;
INSERT INTO `stream_items` (`id`, `videoID`, `galleryID`, `statusID`, `userGalleryID`, `confessionID`, `adviceID`, `userID`, `categoryID`, `type`, `create`, `age`, `tallness`) VALUES
	(5, NULL, NULL, NULL, 2, NULL, NULL, 87, NULL, 1, '16:47:54', NULL, 0),
	(16366, NULL, NULL, NULL, NULL, 20100, NULL, NULL, NULL, 0, '17:07:32', NULL, 0),
	(16367, NULL, NULL, NULL, NULL, 20102, NULL, NULL, NULL, 0, '17:07:32', NULL, 0),
	(16368, NULL, NULL, NULL, NULL, 20103, NULL, NULL, NULL, 0, '17:07:32', NULL, 0),
	(16369, NULL, NULL, NULL, NULL, 20106, NULL, NULL, NULL, 0, '17:07:32', NULL, 0),
	(16370, NULL, NULL, NULL, NULL, 20107, NULL, NULL, NULL, 0, '17:07:32', NULL, 0),
	(16371, NULL, NULL, NULL, NULL, 20108, NULL, NULL, NULL, 0, '17:07:32', NULL, 0),
	(16372, NULL, NULL, NULL, NULL, 20109, NULL, NULL, NULL, 0, '17:07:32', NULL, 0),
	(16373, NULL, NULL, NULL, NULL, 20110, NULL, NULL, NULL, 0, '17:07:32', NULL, 0),
	(16374, NULL, NULL, NULL, NULL, 20111, NULL, NULL, NULL, 0, '17:07:32', NULL, 0),
	(16375, NULL, NULL, NULL, NULL, 20114, NULL, NULL, NULL, 0, '17:07:32', NULL, 0),
	(16376, NULL, NULL, NULL, NULL, 20115, NULL, NULL, NULL, 0, '17:07:32', NULL, 0),
	(16377, NULL, NULL, NULL, NULL, 20116, NULL, NULL, NULL, 0, '17:07:32', NULL, 0),
	(16378, NULL, NULL, NULL, NULL, 20117, NULL, NULL, NULL, 0, '17:07:32', NULL, 0),
	(16379, NULL, NULL, NULL, NULL, 20118, NULL, NULL, NULL, 0, '17:07:32', NULL, 0),
	(16380, NULL, NULL, NULL, NULL, 20119, NULL, NULL, NULL, 0, '17:07:32', NULL, 0),
	(16381, NULL, NULL, NULL, NULL, 20120, NULL, NULL, NULL, 0, '17:07:32', NULL, 0),
	(16382, NULL, NULL, NULL, NULL, 20121, NULL, NULL, NULL, 0, '17:07:32', NULL, 0),
	(16383, NULL, NULL, NULL, NULL, 20122, NULL, NULL, NULL, 0, '17:07:32', NULL, 0),
	(16384, NULL, NULL, NULL, NULL, 20123, NULL, NULL, NULL, 0, '17:07:32', NULL, 0),
	(16385, NULL, NULL, NULL, NULL, 20124, NULL, NULL, NULL, 0, '17:07:32', NULL, 0),
	(16386, NULL, NULL, NULL, NULL, 20125, NULL, NULL, NULL, 0, '17:07:32', NULL, 0),
	(16387, NULL, NULL, NULL, NULL, 20126, NULL, NULL, NULL, 0, '17:07:32', NULL, 0),
	(16388, NULL, NULL, NULL, NULL, 20127, NULL, NULL, NULL, 0, '17:07:32', NULL, 0),
	(16389, NULL, NULL, NULL, NULL, 20129, NULL, NULL, NULL, 0, '17:07:32', NULL, 0),
	(16390, NULL, NULL, NULL, NULL, 20130, NULL, NULL, NULL, 0, '17:07:32', NULL, 0),
	(16391, NULL, NULL, NULL, NULL, 20132, NULL, NULL, NULL, 0, '17:07:32', NULL, 0),
	(16392, NULL, NULL, NULL, NULL, 20133, NULL, NULL, NULL, 0, '17:07:32', NULL, 0),
	(16393, NULL, NULL, NULL, NULL, 20135, NULL, NULL, NULL, 0, '17:07:32', NULL, 0),
	(16394, NULL, NULL, NULL, NULL, 20137, NULL, NULL, NULL, 0, '17:07:32', NULL, 0),
	(16395, NULL, NULL, NULL, NULL, 20139, NULL, NULL, NULL, 0, '17:07:32', NULL, 0),
	(16396, NULL, NULL, NULL, NULL, 20138, NULL, NULL, NULL, 0, '17:07:32', NULL, 0),
	(16397, NULL, NULL, NULL, NULL, 20140, NULL, NULL, NULL, 0, '17:07:32', NULL, 0),
	(16398, NULL, NULL, NULL, NULL, 20141, NULL, NULL, NULL, 0, '17:07:32', NULL, 0),
	(16399, NULL, NULL, NULL, NULL, 20142, NULL, NULL, NULL, 0, '17:07:32', NULL, 0),
	(16400, NULL, NULL, NULL, NULL, 20143, NULL, NULL, NULL, 0, '17:07:32', NULL, 0),
	(16401, NULL, NULL, NULL, NULL, 20144, NULL, NULL, NULL, 0, '17:07:32', NULL, 0),
	(16402, NULL, NULL, NULL, NULL, 20145, NULL, NULL, NULL, 0, '17:07:32', NULL, 0),
	(16403, NULL, NULL, NULL, NULL, 20147, NULL, NULL, NULL, 0, '17:07:32', NULL, 0),
	(16404, NULL, NULL, NULL, NULL, 20149, NULL, NULL, NULL, 0, '17:07:32', NULL, 0),
	(16405, NULL, NULL, NULL, NULL, 20151, NULL, NULL, NULL, 0, '17:07:32', NULL, 0),
	(16426, NULL, NULL, NULL, NULL, 20163, NULL, NULL, NULL, 0, '17:07:51', NULL, 0),
	(16427, NULL, NULL, NULL, NULL, 20164, NULL, NULL, NULL, 0, '17:07:51', NULL, 0),
	(16428, NULL, NULL, NULL, NULL, 20165, NULL, NULL, NULL, 0, '17:07:51', NULL, 0),
	(16429, NULL, NULL, NULL, NULL, 20166, NULL, NULL, NULL, 0, '17:07:51', NULL, 0),
	(16430, NULL, NULL, NULL, NULL, 20167, NULL, NULL, NULL, 0, '17:07:51', NULL, 0),
	(16431, NULL, NULL, NULL, NULL, 20168, NULL, NULL, NULL, 0, '17:07:51', NULL, 0),
	(16432, NULL, NULL, NULL, NULL, 20169, NULL, NULL, NULL, 0, '17:07:51', NULL, 0),
	(16433, NULL, NULL, NULL, NULL, 20171, NULL, NULL, NULL, 0, '17:07:51', NULL, 0),
	(16434, NULL, NULL, NULL, NULL, 20172, NULL, NULL, NULL, 0, '17:07:51', NULL, 0),
	(16435, NULL, NULL, NULL, NULL, 20173, NULL, NULL, NULL, 0, '17:07:51', NULL, 0),
	(16436, NULL, NULL, NULL, NULL, 20174, NULL, NULL, NULL, 0, '17:07:51', NULL, 0),
	(16437, NULL, NULL, NULL, NULL, 20175, NULL, NULL, NULL, 0, '17:07:51', NULL, 0),
	(16438, NULL, NULL, NULL, NULL, 20176, NULL, NULL, NULL, 0, '17:07:51', NULL, 0),
	(16439, NULL, NULL, NULL, NULL, 20177, NULL, NULL, NULL, 0, '17:07:51', NULL, 0),
	(16440, NULL, NULL, NULL, NULL, 20178, NULL, NULL, NULL, 0, '17:07:51', NULL, 0),
	(16441, NULL, NULL, NULL, NULL, 20179, NULL, NULL, NULL, 0, '17:07:51', NULL, 0),
	(16442, NULL, NULL, NULL, NULL, 20180, NULL, NULL, NULL, 0, '17:07:51', NULL, 0),
	(16443, NULL, NULL, NULL, NULL, 20181, NULL, NULL, NULL, 0, '17:07:51', NULL, 0),
	(16444, NULL, NULL, NULL, NULL, 20182, NULL, NULL, NULL, 0, '17:07:51', NULL, 0),
	(16445, NULL, NULL, NULL, NULL, 20183, NULL, NULL, NULL, 0, '17:07:51', NULL, 0),
	(16446, NULL, NULL, NULL, NULL, 20186, NULL, NULL, NULL, 0, '17:07:51', NULL, 0),
	(16447, NULL, NULL, NULL, NULL, 20188, NULL, NULL, NULL, 0, '17:07:51', NULL, 0),
	(16448, NULL, NULL, NULL, NULL, 20190, NULL, NULL, NULL, 0, '17:07:51', NULL, 0),
	(16449, NULL, NULL, NULL, NULL, 20192, NULL, NULL, NULL, 0, '17:07:51', NULL, 0),
	(16450, NULL, NULL, NULL, NULL, 20193, NULL, NULL, NULL, 0, '17:07:51', NULL, 0),
	(16451, NULL, NULL, NULL, NULL, 20195, NULL, NULL, NULL, 0, '17:07:51', NULL, 0),
	(16452, NULL, NULL, NULL, NULL, 20196, NULL, NULL, NULL, 0, '17:07:51', NULL, 0),
	(16453, NULL, NULL, NULL, NULL, 20198, NULL, NULL, NULL, 0, '17:07:51', NULL, 0),
	(16454, NULL, NULL, NULL, NULL, 20199, NULL, NULL, NULL, 0, '17:07:51', NULL, 0),
	(16455, NULL, NULL, NULL, NULL, 20201, NULL, NULL, NULL, 0, '17:07:51', NULL, 0),
	(16456, NULL, NULL, NULL, NULL, 20202, NULL, NULL, NULL, 0, '17:07:51', NULL, 0),
	(16457, NULL, NULL, NULL, NULL, 20203, NULL, NULL, NULL, 0, '17:07:51', NULL, 0),
	(16458, NULL, NULL, NULL, NULL, 20204, NULL, NULL, NULL, 0, '17:07:51', NULL, 0),
	(16459, NULL, NULL, NULL, NULL, 20206, NULL, NULL, NULL, 0, '17:07:51', NULL, 0),
	(16460, NULL, NULL, NULL, NULL, 20205, NULL, NULL, NULL, 0, '17:07:51', NULL, 0),
	(16461, NULL, NULL, NULL, NULL, 20208, NULL, NULL, NULL, 0, '17:07:51', NULL, 0),
	(16462, NULL, NULL, NULL, NULL, 20209, NULL, NULL, NULL, 0, '17:07:51', NULL, 0),
	(16463, NULL, NULL, NULL, NULL, 20210, NULL, NULL, NULL, 0, '17:07:51', NULL, 0),
	(16464, NULL, NULL, NULL, NULL, 20212, NULL, NULL, NULL, 0, '17:07:51', NULL, 0),
	(16465, NULL, NULL, NULL, NULL, 20213, NULL, NULL, NULL, 0, '17:07:51', NULL, 0),
	(16466, NULL, NULL, NULL, NULL, 20215, NULL, NULL, NULL, 0, '17:07:51', NULL, 0),
	(16467, NULL, NULL, NULL, NULL, 20216, NULL, NULL, NULL, 0, '17:07:51', NULL, 0),
	(16468, NULL, NULL, NULL, NULL, 20217, NULL, NULL, NULL, 0, '17:07:51', NULL, 0),
	(16469, NULL, NULL, NULL, NULL, 20218, NULL, NULL, NULL, 0, '17:07:51', NULL, 0),
	(16470, NULL, NULL, NULL, NULL, 20219, NULL, NULL, NULL, 0, '17:07:51', NULL, 0),
	(16471, NULL, NULL, NULL, NULL, 20220, NULL, NULL, NULL, 0, '17:07:51', NULL, 0),
	(16472, NULL, NULL, NULL, NULL, 20221, NULL, NULL, NULL, 0, '17:07:51', NULL, 0),
	(16473, NULL, NULL, NULL, NULL, 20222, NULL, NULL, NULL, 0, '17:07:51', NULL, 0),
	(16474, NULL, NULL, NULL, NULL, 20223, NULL, NULL, NULL, 0, '17:07:51', NULL, 0),
	(16475, NULL, NULL, NULL, NULL, 20224, NULL, NULL, NULL, 0, '17:07:51', NULL, 0),
	(16476, NULL, NULL, NULL, NULL, 20225, NULL, NULL, NULL, 0, '17:07:51', NULL, 0),
	(16477, NULL, NULL, NULL, NULL, 20226, NULL, NULL, NULL, 0, '17:07:51', NULL, 0),
	(16478, NULL, NULL, NULL, NULL, 20227, NULL, NULL, NULL, 0, '17:07:51', NULL, 0),
	(16479, NULL, NULL, NULL, NULL, 20228, NULL, NULL, NULL, 0, '17:07:51', NULL, 0),
	(16480, NULL, NULL, NULL, NULL, 20229, NULL, NULL, NULL, 0, '17:07:51', NULL, 0),
	(16481, NULL, NULL, NULL, NULL, 20230, NULL, 4, 22, 0, '17:07:51', NULL, 0),
	(16482, NULL, NULL, NULL, NULL, 20231, NULL, 3, 21, 0, '17:07:51', NULL, 0),
	(16483, NULL, NULL, NULL, NULL, 20232, NULL, 4, 20, 0, '17:07:51', NULL, 0),
	(16484, NULL, NULL, NULL, NULL, 20233, NULL, 3, 19, 0, '17:07:51', NULL, 0),
	(16485, NULL, NULL, NULL, NULL, 20235, NULL, 4, 18, 0, '17:07:51', NULL, 0),
	(16486, NULL, NULL, NULL, NULL, 20238, NULL, 3, 17, 0, '17:07:51', NULL, 0),
	(16487, NULL, NULL, NULL, NULL, 20242, NULL, 4, 16, 0, '17:07:51', NULL, 0),
	(16488, NULL, NULL, NULL, NULL, 20244, NULL, 3, 15, 0, '17:07:51', NULL, 0),
	(16489, NULL, NULL, NULL, NULL, 20236, NULL, 4, 14, 0, '17:07:51', NULL, 0),
	(16490, NULL, NULL, NULL, NULL, 20239, NULL, 3, 13, 0, '17:07:51', NULL, 0),
	(16491, NULL, NULL, NULL, NULL, 20237, NULL, 4, 12, 0, '17:07:51', NULL, 0),
	(16492, NULL, NULL, NULL, NULL, 20241, NULL, 3, 11, 0, '17:07:51', NULL, 0),
	(16493, NULL, NULL, NULL, NULL, 20246, NULL, 4, 10, 0, '17:07:51', NULL, 0),
	(16494, NULL, NULL, NULL, NULL, 20247, NULL, 3, 9, 0, '17:07:51', NULL, 0),
	(16495, NULL, NULL, NULL, NULL, 20243, NULL, 4, 8, 0, '17:07:51', NULL, 0),
	(16496, NULL, NULL, NULL, NULL, 20249, NULL, 3, 7, 0, '17:07:51', NULL, 0),
	(16497, NULL, NULL, NULL, NULL, 20250, NULL, 4, 6, 0, '17:07:51', NULL, 0),
	(16498, NULL, NULL, NULL, NULL, 20248, NULL, 3, 5, 0, '17:07:51', NULL, 0),
	(16499, NULL, NULL, NULL, NULL, 20251, NULL, 4, 4, 0, '17:07:51', NULL, 0),
	(16500, NULL, NULL, NULL, NULL, 20252, NULL, 3, 3, 0, '17:07:51', NULL, 0),
	(16501, NULL, NULL, NULL, NULL, 20240, NULL, 4, 2, 0, '17:07:51', NULL, 0),
	(16668, NULL, 9, NULL, NULL, NULL, NULL, 3, 1, 1, '19:16:49', NULL, 0);
/*!40000 ALTER TABLE `stream_items` ENABLE KEYS */;

-- Exportování dat pro tabulku pos.users: ~0 rows (přibližně)
/*!40000 ALTER TABLE `users` DISABLE KEYS */;
INSERT INTO `users` (`id`, `propertyID`, `coupleID`, `profilFotoID`, `wasCategoryChanged`, `confirmed`, `admin_score`, `role`, `last_active`, `created`, `email`, `user_name`, `password`) VALUES
	(1, NULL, NULL, NULL, 0, '', 10638, 'superadmin', NULL, NULL, 'P.Kukral@seznam.cz', 'Jerry', '3c4d22e96a8af7b8e9e42b336b0c55f2be5929ce9dab5e7b0805e352078eefda79c41f8576b281dfd3bd062e32fd77994001b3f79fbdd28edb7b08931c3aeb49'),
	(2, NULL, NULL, NULL, 0, '1', 9256, 'superadmin', NULL, NULL, 'j.kukralova@jkbusiness.cz', 'Jana', '3c4d22e96a8af7b8e9e42b336b0c55f2be5929ce9dab5e7b0805e352078eefda79c41f8576b281dfd3bd062e32fd77994001b3f79fbdd28edb7b08931c3aeb49'),
	(3, 3, NULL, NULL, 0, '1', 2650, 'user', '2014-08-06 12:01:18', '2014-07-25 12:01:18', 'user@test.cz', 'Test User', '125d6d03b32c84d492747f79cf0bf6e179d287f341384eb5d6d3197525ad6be8e6df0116032935698f99a09e265073d1d6c32c274591bf1d0a20ad67cba921bc'),
	(4, 4, NULL, NULL, 0, '1', 8796, 'admin', '2014-08-10 12:01:18', '2014-07-25 12:01:18', 'admin@test.cz', 'Test Admin', '125d6d03b32c84d492747f79cf0bf6e179d287f341384eb5d6d3197525ad6be8e6df0116032935698f99a09e265073d1d6c32c274591bf1d0a20ad67cba921bc'),
	(12, 4, NULL, NULL, 0, '1', 3005, 'user', NULL, NULL, 'terka1611@seznam.cz', 'Terka', '70d31ee166c819fcdbace4cf5c759f47a0ad8297839b6e8a211f91844e7472dc5502b00a9c87cf174f153c9b1b9f4eb20cf1e5aa82cc7c76b2a9a043f54a2703'),
	(14, NULL, NULL, NULL, 0, 'j0csg1uu5d9rcrz4htyqhikx9u050d1esg15t8s4tilxoq1yfj7pst9ql5g3nextejshbceoowt5yibpe84mpblqzjgntzdmg5l3', 6739, 'admin', NULL, NULL, 'dohnalkova.zuzana@ssakhk.cz', 'Zuzka', '4bb655a74469a7e2065172e94f2200362718ae0f3c3bce6d9db0111d3a51b6735f1ce17d05a5fa1d1b91f91221d922ad54ec5d53436862b2f442580a63617e4b'),
	(16, NULL, NULL, NULL, 0, 'bgi6yf67prsavlej7aqd28v80ojvsbyoibunjye6rftryxpicd4mgv4bcxrrntj9vlbnrol554q9wjmhdu4yu371d0hwxzhm938w', 5285, 'admin', NULL, NULL, 'janku@nejhudba.cz', 'Štěpán', '7e6b39f7b9bac621a643a929ea9d097e2b74aaeebd605f513b392e02a2bbc4ed84d531f43848e915f45f556ee3577b9ccc3e6e0c3b24aa64f56e591a7a1e8569'),
	(18, NULL, NULL, NULL, 0, 'ip4th4kr8tiho44dy0bqgxgw90py5s30ulv81vzlt65begt5rgm420gxlm7siuqe9wq3litrdhrvnyluxepzx5uzurd6hglz8api', 1654, 'user', NULL, NULL, 'k.o.c.i.c.i.n.k.a.a@seznam.cz', 'eliška', '979bc0fc7d02ec78b15a70fc75deae069bf0b4da5e5fa21c22ed12bda5d3814000e4f28c7295389d04eb6733082eeec9aba8acdc18656ca222d814fc1113f88a'),
	(19, NULL, NULL, NULL, 0, 'ritjh9v0jlaa7ilak0mpmt9eo586wu0yok5cqt2lbm3vhpizhpg07ar93j10p52p1e1fal9th6nvfzxr9lhjyo8pzykw18lz34l8', 3921, 'user', NULL, NULL, 'Magdalena.Vorlicka@seznam.cz', 'Magdaléna', '950cb110ea580ec47717105db6309410de8b973b7957ccb8da9bda0a7d172abfff86dc42d2974fb3f74999fab61a06a0d28ffdb149fa7d13700291743182b0ff'),
	(21, NULL, NULL, NULL, 0, '7zjevqaerqq4gsw5c2vanvvo06ast8lfi494k5hn9xdti0mnuw30pvl84ev3h5nmrj2wjyhgrq2jdv0ci9zs7jkcymvhv7c60cle', 463, 'user', NULL, NULL, 'stepanka.balvinova@gmail.com', 'Pánky', 'a6d97b4e60dc679da4fc6d4c42585dafcddab297b22d5de8db985bb52ec1687e86c8e7c677a87c1f2e590142df919770e899d4021c7aa01bf172c643c4aeb08c'),
	(22, NULL, NULL, NULL, 0, 'vv4m4yhn0n71w0xwjnmekn55pljmxvoafgapn3ergjvc6veqq2w3i073xj20r5m96uxj6wth7906wg3ogarlfe3nsqzdlad9h68a', 125, 'user', NULL, NULL, 'elliotstrange@seznam.cz', 'Elliot', '0f494ab1b816c1655747eb88997d20cbe9733799df2c49f0a09f5b42fcb03200b5af975cf1a4d8c0fd8394804565df954b8fcb648a631048b652c6fbc62d5537'),
	(23, NULL, NULL, NULL, 0, 'lc4nx09dvecm34kurcg3p0dowgzygsssbpkktn659bt7fx2clva66ilc43wuq1n65g0c2zzwg8w1n2fxh6m3xsgph4g955emjsqk', 765, 'user', NULL, NULL, 'tyna.novackova@seznam.cz', 'Tynus', 'bf7ae2b4d48c942d708003684d30753ccc151ec0de992443c6f82d73945df1b7e6854e9674ee8a103c20c2bf3a9b365a6866c19c57102388be870d26fee2aac8'),
	(24, NULL, NULL, NULL, 0, 'bdq53ea3xdnao40h2ao3hvcbkjse462oecn0wc8y6uyphblqzzhseaot1410366g1igj6peh4ylxrbue5l65frcmscfylxbdhkk8', 313, 'user', NULL, NULL, 'kristynka321999@seznam.cz', 'Tynusak', 'bf7ae2b4d48c942d708003684d30753ccc151ec0de992443c6f82d73945df1b7e6854e9674ee8a103c20c2bf3a9b365a6866c19c57102388be870d26fee2aac8'),
	(27, NULL, NULL, NULL, 0, 'zbnpogkievjutwjr8l0ejfd6plbc965v99pwtzz613ywg2lkclvb10xile8oqe9m0yx5qd8z1h8wbyeei9nlj1bhu3cs3icg6ddy', 799, 'user', NULL, NULL, 'martinvrbka69@gmail.com', 'Pytelhoven', 'a8cf939b24f8796aec9f0494f7b5d450dbb58ffa14798a9b7d7cc0bb34dd1e198bb47d7d2542b62b80cfe6ec9fb870ff576d3ef331010e1bdc5b73fb6dd10bae'),
	(29, NULL, NULL, NULL, 0, 'qilmet0xczx1uiybjiauy0sansn347nlsmddzieyoauktakvnr0mvzlgjscmeqb1rk51g77gtgjvt0i99535kzc0fkzkud1jcxwx', 34, 'user', NULL, NULL, 'Little.Pink.KlarinQa@seznam.cz', 'Kler', '0c32d39cd501dc0cb0a41b52cc0bc70c7a69458d9f55f2f8f86af43535d46f4cf305a499f04fe5662fd91c456f4cd32b197a3d14aea62a35bf546d4eb2ab55b3'),
	(30, NULL, NULL, NULL, 0, '5dnjx9wt032tp1hkpdu0uy30fzuai3ykvn1l4i1aj111y53mgma2czjxaw8jnahhzk51d4f69rtw9kzkblo8sy48kx7qblg7xin1', 4259, 'user', NULL, NULL, 'domess97@gmail.com', 'DomeSs', '59522147ed90207747b42b8cd7a3cc21b30f6ac8c660b36025078bdbd8faabb4ca2ca3775a42ec729e9f9400ab36d829ab4e5336f84620b4545a303f85757d83'),
	(31, NULL, NULL, NULL, 0, '7h9u2o5nko8p4sb6hh1lgq721goi00z535370c2xm5lbt0w745358k51zg19l4v5z02bc2u5vj27l5burk0q3b8jw7qyxocsl600', 69, 'user', NULL, NULL, 'kneslikjan@seznam.cz', 'Knedla', 'c540437a0f6c35892ba33aeaafa90d594e7add4d42a0797aa039b51368ec67d3bdab0c6b49e7762d413422c00f0aa49713c025f73939effe182fc4f9df0951dc'),
	(33, NULL, NULL, NULL, 0, '9tgcz6ddap6qy1bc8ohm7xocqwze0itqilj13yzt605lgxr73xf66d9oxei9ld5tpqrtnxraafnh69chp2z7unta82urpydir0xx', 2979, 'user', NULL, NULL, 'ovgan@email.cz', 'ovgan', '757a1f07628ea9011d3a43219a1f88842325e6f41ceedd0735ab455f5b3f941404d349cb645ccf2e8a8791a5a3e421c421d6cebd7afe68df0bf1c8fa896b0b33'),
	(38, NULL, NULL, NULL, 0, 'hoo9wei3v18eyg096ryl2zkma6vdgqaw4i2f2el8sj5i07nvulnjx8xbzrrua437crae5lchh1i20qevvsm3edmq1sw8li1xglwm', 236, 'user', NULL, NULL, 'barunka.bureska@seznam.cz', 'B*', '9bf646f017525a6d7b2b300f51bca8a572ae130cc79f8d0c6b756f748dd107deaab41b6b2ee26b8e43af33d4327b380adbb4a987f906fe78415755c39998ad60'),
	(39, NULL, NULL, NULL, 0, 't7hrqh119o4cfymwnnjvcsy3m9unb0viqj98v07dk78cg78yc61x0a20wcxgimrg4tfgaythjg7w7o7ee85dvwzds10w3k5i7ibh', 8127, 'user', NULL, NULL, 'anezja@email.cz', 'Anež Jahodová', '66115a4375c18421941900843aa49aaba5328934f2ea69071951aff343fb965132adbeab9a69beb8fc2a91d05a45aa46cd5a7d5eabfde0f0ad37ede147ace810'),
	(85, NULL, NULL, NULL, 0, NULL, NULL, 'user', '2013-09-26 11:24:42', '2013-09-26 11:24:42', 'j.kuk@seznam.cz', 'Jancatest', '3c4d22e96a8af7b8e9e42b336b0c55f2be5929ce9dab5e7b0805e352078eefda79c41f8576b281dfd3bd062e32fd77994001b3f79fbdd28edb7b08931c3aeb49'),
	(86, NULL, NULL, NULL, 0, NULL, NULL, 'unconfirmed_user', '2014-01-07 20:55:38', '2014-01-07 20:55:38', 'rpgmail@seznam.cz', 'Jeriiii', '3c4d22e96a8af7b8e9e42b336b0c55f2be5929ce9dab5e7b0805e352078eefda79c41f8576b281dfd3bd062e32fd77994001b3f79fbdd28edb7b08931c3aeb49'),
	(87, NULL, NULL, NULL, 0, 'ebpls06b4s1dxbeaiepheqq8249n3fjtue4byp651ju13h2lwhjview1wk6aneq1e9w9lgb5e5xbsp8g9klskaq3p7f0t56gnn5j', NULL, 'user', NULL, NULL, 'test@test.cz', 'test', '3c4d22e96a8af7b8e9e42b336b0c55f2be5929ce9dab5e7b0805e352078eefda79c41f8576b281dfd3bd062e32fd77994001b3f79fbdd28edb7b08931c3aeb49'),
	(88, NULL, NULL, NULL, 0, 'fb9dvvtqalnecsdw4gjvs3gl4ftwbn6ilje3v5iiaqiuxnba6lhm1ipqxxfw8dzqjvojp7o18fe7lt0nqouwu9i2fak2pl2zre2p', 100, 'admin', NULL, NULL, 'Fulda777@gmail.com', 'Fulda', '3ac06f02a59a70e6dbeca2f5314bcad2f455bac64e53a600d8d57534f1f0960c1a4220cac6cdf8ba70f8595ad96baa8f9d1f0e0b49a75ed3fb949a9cd973c01f'),
	(89, NULL, NULL, NULL, 0, '7cctqh98mxd5fs1irysmmcf83qiz8q3pzaty8llni3lrtu8pqffxfjs4zcs77bgsyudz955xuje019zxsw3arwp1mukw9vk13vov', 1460, 'admin', NULL, NULL, 'velky.bojovnik@seznam.cz', 'Happy', 'e6441c91c037e5a60c4b90935d0a04b455ddacdbb8ef25d2d7b53bf10800ab7bfce5dd3e0dea47612e04709b618230c65b5294580dfd4980044791f89493ccaa'),
	(90, NULL, NULL, NULL, 0, 'rkdpjg8jranwuybzognraq15ufyospt6o3me5enofncar6fyd6yzksplkqp4ygh8vni9uwqrgq6wwgt65556gw2siavtb9agc5de', 361, 'admin', NULL, NULL, 'tomas.randacek@gmail.com', 'Tom.R', '78c505d2dd66d8c0ee24e16266c88ed62023573808b4f2db1d3191bc66232b18136635a8c0411bfaf48d9ee1bb0c4bfe645f5ff693e7117e3d48a2596bbda590'),
	(91, NULL, NULL, NULL, 0, 'f5rv4p0g86voarw6fzlg9walwwr1wp4xq0oebtkcwhlodtfm6zt3xvwf8a4wlnuat1yo3hkys8c3fbhhdbxxxl4pyb6qijbfeo9b', 223, 'admin', NULL, NULL, 'jaromir@adamek.biz', 'Jaromír', '7f5eb5d6354a80f4730e83ab4a404148f388eae414ce3bc2aa1863eeba3c57ad7700e4e1d33e37c385fd8e050fcf96e388439bb051b9093ccba3457585a72cb5'),
	(92, NULL, NULL, NULL, 0, '579atcyy9g3awytjdkclui981eci8qih7q46xl95641tba9oqy0o42o8ehe9ci1q494fp6ai81chjri860jj4pllliq4mzkh5bhp', NULL, 'user', NULL, NULL, 'test@test.czt', 'Test', 'ee26b0dd4af7e749aa1a8ee3c10ae9923f618980772e473f8819a5d4940e0db27ac185f8a0e1d5f84f88bc887fd67b143732c304cc5fa9ad8e6f57f50028a8ff'),
	(93, NULL, NULL, NULL, 0, '5lwgq5peg7ale64tgrpjbo9c8fabit801750tpj3zdgk0f3udrnir29lkzhv0it7o3xina0effe8r94jrpav4kaduzexs1rus5ts', NULL, 'user', NULL, NULL, 'p.kukral2@seznam.cz', 'Ja', '3c4d22e96a8af7b8e9e42b336b0c55f2be5929ce9dab5e7b0805e352078eefda79c41f8576b281dfd3bd062e32fd77994001b3f79fbdd28edb7b08931c3aeb49'),
	(94, NULL, NULL, NULL, 0, 'hwa2osf6hmsg9ojhvcw0027wzm0txmccaleqov330p6rjx8glkbpef7ib7bpzhwh77cqlb5r61ze7cqkyxrsphdxiudftnxqfqoe', NULL, 'user', NULL, NULL, 'p.kukral3@seznam.cz', 'Ja2', '8f1a8fe7730c3836d2e747f9aa14441dfbcc5c2a0d567d827f3c2d0ca856395686d562dbd39df20447d6160ec4ca339b9f3282a172a864329674a67ceb412648');
/*!40000 ALTER TABLE `users` ENABLE KEYS */;

-- Exportování dat pro tabulku pos.users_competitions: ~0 rows (přibližně)
/*!40000 ALTER TABLE `users_competitions` DISABLE KEYS */;
INSERT INTO `users_competitions` (`id`, `name`, `description`, `imageUrl`, `current`, `lastImageID`) VALUES
	(1, 'Test competition', 'Test competition', 'images/galleries/5/79.JPG', 0, NULL);
/*!40000 ALTER TABLE `users_competitions` ENABLE KEYS */;

-- Exportování dat pro tabulku pos.users_fotos: ~0 rows (přibližně)
/*!40000 ALTER TABLE `users_fotos` DISABLE KEYS */;
/*!40000 ALTER TABLE `users_fotos` ENABLE KEYS */;

-- Exportování dat pro tabulku pos.users_properties: ~0 rows (přibližně)
/*!40000 ALTER TABLE `users_properties` DISABLE KEYS */;
INSERT INTO `users_properties` (`id`, `age`, `statusID`, `type`, `first_sentence`, `about_me`, `tallness`, `preferencesID`, `threesome`, `anal`, `group`, `bdsm`, `swallow`, `cum`, `oral`, `piss`, `sex_massage`, `petting`, `fisting`, `deepthrought`, `want_to_meet_men`, `want_to_meet_women`, `want_to_meet_couple`, `want_to_meet_couple_men`, `want_to_meet_couple_women`, `want_to_meet_group`, `cityID`, `districtID`, `regionID`, `marital_state`, `orientation`, `shape`, `penis_length`, `penis_width`, `drink`, `graduation`, `bra_size`, `smoke`, `hair_colour`) VALUES
	(3, '1988-09-18', NULL, 1, 'Oh bože, už budu.', 'Hledám zábavu a vzrušení.', 4, 405, 1, 0, 1, 1, 0, 0, 1, 0, 1, 1, 0, 1, 0, 1, 0, 0, 1, 0, NULL, NULL, NULL, 1, 1, 5, 3, 2, 1, 5, 2, 3, 2),
	(4, '1986-09-10', NULL, 2, 'To je ale macek.', 'Moc ráda bych nějakýho svalouše co to umí v posteli.', 2, 405, 1, 1, 1, 1, 1, 1, 1, 1, 1, 1, 1, 1, 1, 1, 1, 1, 1, 1, NULL, NULL, NULL, 1, 1, 5, NULL, NULL, 2, 3, 3, 1, 1);
/*!40000 ALTER TABLE `users_properties` ENABLE KEYS */;

-- Exportování dat pro tabulku pos.user_categories: ~0 rows (přibližně)
/*!40000 ALTER TABLE `user_categories` DISABLE KEYS */;
/*!40000 ALTER TABLE `user_categories` ENABLE KEYS */;

-- Exportování dat pro tabulku pos.user_change_password: ~0 rows (přibližně)
/*!40000 ALTER TABLE `user_change_password` DISABLE KEYS */;
/*!40000 ALTER TABLE `user_change_password` ENABLE KEYS */;

-- Exportování dat pro tabulku pos.user_galleries: ~0 rows (přibližně)
/*!40000 ALTER TABLE `user_galleries` DISABLE KEYS */;
INSERT INTO `user_galleries` (`id`, `name`, `description`, `userID`, `bestImageID`, `lastImageID`, `man`, `women`, `couple`, `more`, `default`, `profil_gallery`) VALUES
	(2, 'Test', '', 87, 4, 4, 0, 0, 1, 0, 0, 0),
	(3, 'Test jména', '', 1, 5, 5, 0, 1, 0, 0, 0, 0),
	(4, 'Super fotky', 'Toto je galerie uživatele Test User', 3, 6, 7, 0, 0, 1, 0, 0, 1);
/*!40000 ALTER TABLE `user_galleries` ENABLE KEYS */;

-- Exportování dat pro tabulku pos.user_images: ~0 rows (přibližně)
/*!40000 ALTER TABLE `user_images` DISABLE KEYS */;
INSERT INTO `user_images` (`id`, `suffix`, `name`, `description`, `galleryID`, `approved`, `widthGalScrn`, `heightGalScrn`, `likes`, `comments`) VALUES
	(2, 'jpg', 'Test', '', 2, 1, 700, 500, 0, 0),
	(3, 'jpg', 'Test', '', 2, 1, 700, 500, 0, 0),
	(4, 'jpg', '', '', 2, 0, 700, 500, 0, 0),
	(5, 'jpg', 'Test jména', '', 3, 0, 700, 500, 0, 0),
	(6, 'png', 'Foto 1', 'Foto 1 uživatele Test User', 4, 0, 700, 500, 0, 0),
	(7, 'jpg', 'Foto 2', 'Foto 2 uživatele Test User', 4, 0, 700, 500, 0, 0);
/*!40000 ALTER TABLE `user_images` ENABLE KEYS */;

-- Exportování dat pro tabulku pos.user_place: ~0 rows (přibližně)
/*!40000 ALTER TABLE `user_place` DISABLE KEYS */;
/*!40000 ALTER TABLE `user_place` ENABLE KEYS */;

-- Exportování dat pro tabulku pos.user_position: ~0 rows (přibližně)
/*!40000 ALTER TABLE `user_position` DISABLE KEYS */;
/*!40000 ALTER TABLE `user_position` ENABLE KEYS */;

-- Exportování dat pro tabulku pos.videos: ~0 rows (přibližně)
/*!40000 ALTER TABLE `videos` DISABLE KEYS */;
INSERT INTO `videos` (`id`, `code`) VALUES
	(1, 'ROJy9TlhxtY');
/*!40000 ALTER TABLE `videos` ENABLE KEYS */;

-- Exportování dat pro tabulku pos.you_are_sexy: ~0 rows (přibližně)
/*!40000 ALTER TABLE `you_are_sexy` DISABLE KEYS */;
/*!40000 ALTER TABLE `you_are_sexy` ENABLE KEYS */;
/*!40101 SET SQL_MODE=IFNULL(@OLD_SQL_MODE, '') */;
/*!40014 SET FOREIGN_KEY_CHECKS=IF(@OLD_FOREIGN_KEY_CHECKS IS NULL, 1, @OLD_FOREIGN_KEY_CHECKS) */;
/*!40101 SET CHARACTER_SET_CLIENT=@OLD_CHARACTER_SET_CLIENT */;
